variant,method,relative_sft_capability_floor,absolute_capability_floor,ug_improvement_required,n_cells,feasible_cells,feasible_and_improved_cells,mean_ug_reduction_on_feasible_cells
current_raw,freeze_first,0.5,0.0,0.01,21,17,4,-0.05658316250554623
current_raw,freeze_second,0.5,0.0,0.01,21,20,8,-0.008590270624147172
current_raw,freeze_last,0.5,0.0,0.01,21,21,16,0.07636476608057657
current_raw,kld,0.5,0.0,0.01,21,19,17,0.2030272913562051
current_raw,ip,0.5,0.0,0.01,21,13,10,0.006307676871052442
current_raw,freeze_first,0.5,0.1,0.01,21,15,4,-0.06313928404099223
current_raw,freeze_second,0.5,0.1,0.01,21,17,8,0.004790374370548126
current_raw,freeze_last,0.5,0.1,0.01,21,21,16,0.07636476608057657
current_raw,kld,0.5,0.1,0.01,21,16,15,0.23436224547671414
current_raw,ip,0.5,0.1,0.01,21,10,7,0.00316243818220744
current_raw,freeze_first,0.75,0.0,0.01,21,13,2,-0.06639705830477084
current_raw,freeze_second,0.75,0.0,0.01,21,18,7,-0.014645213353955387
current_raw,freeze_last,0.75,0.0,0.01,21,20,15,0.07653893559333994
current_raw,kld,0.75,0.0,0.01,21,17,15,0.20392065412405952
current_raw,ip,0.75,0.0,0.01,21,10,7,-0.014195440721926494
current_raw,freeze_first,0.75,0.1,0.01,21,12,2,-0.07096707503030049
current_raw,freeze_second,0.75,0.1,0.01,21,16,7,-0.00439726598618851
current_raw,freeze_last,0.75,0.1,0.01,21,20,15,0.07653893559333994
current_raw,kld,0.75,0.1,0.01,21,15,14,0.2287408806743722
current_raw,ip,0.75,0.1,0.01,21,8,5,-0.022647962373250813
current_raw,freeze_first,0.9,0.0,0.01,21,12,2,-0.06597560104228962
current_raw,freeze_second,0.9,0.0,0.01,21,17,7,-0.013632246712511384
current_raw,freeze_last,0.9,0.0,0.01,21,15,10,0.06372492018780267
current_raw,kld,0.9,0.0,0.01,21,11,11,0.22314742841962554
current_raw,ip,0.9,0.0,0.01,21,7,5,0.012474844366883796
current_raw,freeze_first,0.9,0.1,0.01,21,11,2,-0.07092275953718731
current_raw,freeze_second,0.9,0.1,0.01,21,15,7,-0.0025660406347008504
current_raw,freeze_last,0.9,0.1,0.01,21,15,10,0.06372492018780267
current_raw,kld,0.9,0.1,0.01,21,10,10,0.2427838017618126
current_raw,ip,0.9,0.1,0.01,21,6,4,0.011127385117492637
current_raw,freeze_first,0.95,0.0,0.01,21,10,2,-0.013187913582225593
current_raw,freeze_second,0.95,0.0,0.01,21,12,5,0.01700648265484968
current_raw,freeze_last,0.95,0.0,0.01,21,13,9,0.04279775143873633
current_raw,kld,0.95,0.0,0.01,21,10,10,0.23761974701916383
current_raw,ip,0.95,0.0,0.01,21,3,3,0.062470014919585044
current_raw,freeze_first,0.95,0.1,0.01,21,9,2,-0.013369142024871213
current_raw,freeze_second,0.95,0.1,0.01,21,11,5,0.018869549930143996
current_raw,freeze_last,0.95,0.1,0.01,21,13,9,0.04279775143873633
current_raw,kld,0.95,0.1,0.01,21,9,9,0.2610459750215426
current_raw,ip,0.95,0.1,0.01,21,2,2,0.08342522244776221
current_raw,freeze_first,1.0,0.0,0.01,21,9,2,-0.01515081514507785
current_raw,freeze_second,1.0,0.0,0.01,21,9,3,0.006337925565734907
current_raw,freeze_last,1.0,0.0,0.01,21,11,7,0.003578543222648778
current_raw,kld,1.0,0.0,0.01,21,4,4,0.09859523964900671
current_raw,ip,1.0,0.0,0.01,21,2,2,0.032168714800249666
current_raw,freeze_first,1.0,0.1,0.01,21,8,2,-0.015600059838410705
current_raw,freeze_second,1.0,0.1,0.01,21,8,3,0.0075660734331252436
current_raw,freeze_last,1.0,0.1,0.01,21,11,7,0.003578543222648778
current_raw,kld,1.0,0.1,0.01,21,3,3,0.12253242119942402
current_raw,ip,1.0,0.1,0.01,21,1,1,0.04377782973726861
current_filtered,freeze_first,0.5,0.0,0.01,21,16,3,-0.055232186339898764
current_filtered,freeze_second,0.5,0.0,0.01,21,20,8,0.0003053325348805814
current_filtered,freeze_last,0.5,0.0,0.01,21,21,14,0.08557361867637606
current_filtered,kld,0.5,0.0,0.01,21,19,16,0.19006893906647962
current_filtered,ip,0.5,0.0,0.01,21,13,8,0.006039424413519516
current_filtered,freeze_first,0.5,0.1,0.01,21,15,3,-0.058490136672683206
current_filtered,freeze_second,0.5,0.1,0.01,21,17,8,0.015755060873998965
current_filtered,freeze_last,0.5,0.1,0.01,21,21,14,0.08557361867637606
current_filtered,kld,0.5,0.1,0.01,21,16,14,0.2196422022497999
current_filtered,ip,0.5,0.1,0.01,21,10,7,0.00657668565100864
current_filtered,freeze_first,0.75,0.0,0.01,21,14,3,-0.04632660112579543
current_filtered,freeze_second,0.75,0.0,0.01,21,18,7,-0.002494131031916631
current_filtered,freeze_last,0.75,0.0,0.01,21,19,13,0.08199087350216948
current_filtered,kld,0.75,0.0,0.01,21,17,14,0.19096174165471302
current_filtered,ip,0.75,0.0,0.01,21,11,6,-0.01528917144040442
current_filtered,freeze_first,0.75,0.1,0.01,21,13,3,-0.049400729570231054
current_filtered,freeze_second,0.75,0.1,0.01,21,16,7,0.009838404247543236
current_filtered,freeze_last,0.75,0.1,0.01,21,19,13,0.08199087350216948
current_filtered,kld,0.75,0.1,0.01,21,15,13,0.21501051849436575
current_filtered,ip,0.75,0.1,0.01,21,8,5,-0.0226158183387645
current_filtered,freeze_first,0.9,0.0,0.01,21,13,2,-0.06113727167825927
current_filtered,freeze_second,0.9,0.0,0.01,21,17,7,-0.0021907897543045193
current_filtered,freeze_last,0.9,0.0,0.01,21,16,10,0.08495196592465423
current_filtered,kld,0.9,0.0,0.01,21,12,11,0.1908434222635846
current_filtered,ip,0.9,0.0,0.01,21,9,5,-0.003806291404941912
current_filtered,freeze_first,0.9,0.1,0.01,21,12,2,-0.0657018000391032
current_filtered,freeze_second,0.9,0.1,0.01,21,15,7,0.011004360047467621
current_filtered,freeze_last,0.9,0.1,0.01,21,16,10,0.08495196592465423
current_filtered,kld,0.9,0.1,0.01,21,10,10,0.2268929236448381
current_filtered,ip,0.9,0.1,0.01,21,6,4,-0.007833713918357419
current_filtered,freeze_first,0.95,0.0,0.01,21,11,2,-0.05280469787013675
current_filtered,freeze_second,0.95,0.0,0.01,21,15,7,0.000759378469745788
current_filtered,freeze_last,0.95,0.0,0.01,21,13,8,0.05898516131523717
current_filtered,kld,0.95,0.0,0.01,21,11,10,0.19594690090555159
current_filtered,ip,0.95,0.0,0.01,21,6,4,0.028347947467116153
current_filtered,freeze_first,0.95,0.1,0.01,21,10,2,-0.05744887452233721
current_filtered,freeze_second,0.95,0.1,0.01,21,13,7,0.01643842335241369
current_filtered,freeze_last,0.95,0.1,0.01,21,13,8,0.05898516131523717
current_filtered,kld,0.95,0.1,0.01,21,9,9,0.23713600880515923
current_filtered,ip,0.95,0.1,0.01,21,3,3,0.05244734131234319
current_filtered,freeze_first,1.0,0.0,0.01,21,9,2,-0.019276371510753777
current_filtered,freeze_second,1.0,0.0,0.01,21,9,3,-0.018857522515119508
current_filtered,freeze_last,1.0,0.0,0.01,21,11,6,0.018117153312111976
current_filtered,kld,1.0,0.0,0.01,21,5,5,0.08248313984394402
current_filtered,ip,1.0,0.0,0.01,21,6,4,0.028347947467116153
current_filtered,freeze_first,1.0,0.1,0.01,21,8,2,-0.020890551531081478
current_filtered,freeze_second,1.0,0.1,0.01,21,7,3,0.004655874842730794
current_filtered,freeze_last,1.0,0.1,0.01,21,11,6,0.018117153312111976
current_filtered,kld,1.0,0.1,0.01,21,4,4,0.09594181564676849
current_filtered,ip,1.0,0.1,0.01,21,3,3,0.05244734131234319
paper_raw,freeze_first,0.5,0.0,0.01,21,17,4,-0.057792961479744706
paper_raw,freeze_second,0.5,0.0,0.01,21,20,8,-0.00849612043049544
paper_raw,freeze_last,0.5,0.0,0.01,21,21,16,0.08252992080670649
paper_raw,kld,0.5,0.0,0.01,21,19,17,0.21922396178035278
paper_raw,ip,0.5,0.0,0.01,21,13,10,0.025911123598623572
paper_raw,freeze_first,0.5,0.1,0.01,21,15,4,-0.06447091189926621
paper_raw,freeze_second,0.5,0.1,0.01,21,17,8,0.004716574003338705
paper_raw,freeze_last,0.5,0.1,0.01,21,21,16,0.08252992080670649
paper_raw,kld,0.5,0.1,0.01,21,16,15,0.2534520078549096
paper_raw,ip,0.5,0.1,0.01,21,10,7,0.02846571067821066
paper_raw,freeze_first,0.75,0.0,0.01,21,13,2,-0.06800489834530717
paper_raw,freeze_second,0.75,0.0,0.01,21,17,7,-0.013775119896443436
paper_raw,freeze_last,0.75,0.0,0.01,21,20,15,0.08297494008967221
paper_raw,kld,0.75,0.0,0.01,21,17,15,0.22195946055189752
paper_raw,ip,0.75,0.0,0.01,21,10,7,0.011338164381914356
paper_raw,freeze_first,0.75,0.1,0.01,21,12,2,-0.07283863987408276
paper_raw,freeze_second,0.75,0.1,0.01,21,15,7,-0.002810105018438356
paper_raw,freeze_last,0.75,0.1,0.01,21,20,15,0.08297494008967221
paper_raw,kld,0.75,0.1,0.01,21,15,14,0.2490833762798048
paper_raw,ip,0.75,0.1,0.01,21,8,5,0.009026582792207777
paper_raw,freeze_first,0.9,0.0,0.01,21,12,2,-0.06763493617037906
paper_raw,freeze_second,0.9,0.0,0.01,21,17,7,-0.013775119896443436
paper_raw,freeze_last,0.9,0.0,0.01,21,15,10,0.07001046433725006
paper_raw,kld,0.9,0.0,0.01,21,11,11,0.24226597452571477
paper_raw,ip,0.9,0.0,0.01,21,7,5,0.038787183055040184
paper_raw,freeze_first,0.9,0.1,0.01,21,11,2,-0.07287447582223171
paper_raw,freeze_second,0.9,0.1,0.01,21,15,7,-0.002810105018438356
paper_raw,freeze_last,0.9,0.1,0.01,21,15,10,0.07001046433725006
paper_raw,kld,0.9,0.1,0.01,21,10,10,0.2636569238301381
paper_raw,ip,0.9,0.1,0.01,21,6,4,0.041455417267917245
paper_raw,freeze_first,0.95,0.0,0.01,21,10,2,-0.01516192340445487
paper_raw,freeze_second,0.95,0.0,0.01,21,12,5,0.016778263788680445
paper_raw,freeze_last,0.95,0.0,0.01,21,13,9,0.0461580710955711
paper_raw,kld,0.95,0.0,0.01,21,10,10,0.258670349756064
paper_raw,ip,0.95,0.0,0.01,21,3,3,0.07818310657596372
paper_raw,freeze_first,0.95,0.1,0.01,21,9,2,-0.015735470449394297
paper_raw,freeze_second,0.95,0.1,0.01,21,11,5,0.018438240631422437
paper_raw,freeze_last,0.95,0.1,0.01,21,13,9,0.0461580710955711
paper_raw,kld,0.95,0.1,0.01,21,9,9,0.2842607795643509
paper_raw,ip,0.95,0.1,0.01,21,2,2,0.10588577097505669
paper_raw,freeze_first,1.0,0.0,0.01,21,9,2,-0.017364725013172655
paper_raw,freeze_second,1.0,0.0,0.01,21,9,3,0.0035628803148644397
paper_raw,freeze_last,1.0,0.0,0.01,21,11,7,0.0034804292929293042
paper_raw,kld,1.0,0.0,0.01,21,4,4,0.10765360449735449
paper_raw,ip,1.0,0.0,0.01,21,2,2,0.043140589569161
paper_raw,freeze_first,1.0,0.1,0.01,21,8,2,-0.018285315639819236
paper_raw,freeze_second,1.0,0.1,0.01,21,8,3,0.004193425539407682
paper_raw,freeze_last,1.0,0.1,0.01,21,11,7,0.0034804292929293042
paper_raw,kld,1.0,0.1,0.01,21,3,3,0.13408597883597884
paper_raw,ip,1.0,0.1,0.01,21,1,1,0.06350340136054422
paper_filtered,freeze_first,0.5,0.0,0.01,21,16,3,-0.06331605572137215
paper_filtered,freeze_second,0.5,0.0,0.01,21,20,8,-0.007742939743237362
paper_filtered,freeze_last,0.5,0.0,0.01,21,21,13,0.0830805547647951
paper_filtered,kld,0.5,0.0,0.01,21,19,16,0.21366479337171693
paper_filtered,ip,0.5,0.0,0.01,21,13,9,0.03148683371302417
paper_filtered,freeze_first,0.5,0.1,0.01,21,15,3,-0.06658033597934016
paper_filtered,freeze_second,0.5,0.1,0.01,21,17,8,0.005901941416297159
paper_filtered,freeze_last,0.5,0.1,0.01,21,21,13,0.0830805547647951
paper_filtered,kld,0.5,0.1,0.01,21,16,14,0.2469850439807657
paper_filtered,ip,0.5,0.1,0.01,21,10,7,0.036358809752857345
paper_filtered,freeze_first,0.75,0.0,0.01,21,14,3,-0.05632152399902849
paper_filtered,freeze_second,0.75,0.0,0.01,21,18,7,-0.01530123816267996
paper_filtered,freeze_last,0.75,0.0,0.01,21,19,12,0.08753889398218972
paper_filtered,kld,0.75,0.0,0.01,21,17,14,0.2160187007462918
paper_filtered,ip,0.75,0.0,0.01,21,11,7,0.019523080214638635
paper_filtered,freeze_first,0.75,0.1,0.01,21,13,3,-0.059549960318042064
paper_filtered,freeze_second,0.75,0.1,0.01,21,15,7,-0.0013486991990960225
paper_filtered,freeze_last,0.75,0.1,0.01,21,19,12,0.08753889398218972
paper_filtered,kld,0.75,0.1,0.01,21,15,13,0.242475515166785
paper_filtered,ip,0.75,0.1,0.01,21,8,5,0.02112664270253553
paper_filtered,freeze_first,0.9,0.0,0.01,21,13,2,-0.07122171448979625
paper_filtered,freeze_second,0.9,0.0,0.01,21,17,7,-0.01269125419528081
paper_filtered,freeze_last,0.9,0.0,0.01,21,15,9,0.09048141200363423
paper_filtered,kld,0.9,0.0,0.01,21,12,11,0.21631175821900026
paper_filtered,ip,0.9,0.0,0.01,21,7,5,0.03467209387362447
paper_filtered,freeze_first,0.9,0.1,0.01,21,12,2,-0.07596086970962494
paper_filtered,freeze_second,0.9,0.1,0.01,21,15,7,-0.0013486991990960225
paper_filtered,freeze_last,0.9,0.1,0.01,21,15,9,0.09048141200363423
paper_filtered,kld,0.9,0.1,0.01,21,10,10,0.2560555913442818
paper_filtered,ip,0.9,0.1,0.01,21,6,4,0.03665447988959892
paper_filtered,freeze_first,0.95,0.0,0.01,21,11,2,-0.05271184183169602
paper_filtered,freeze_second,0.95,0.0,0.01,21,15,7,0.005466314028417193
paper_filtered,freeze_last,0.95,0.0,0.01,21,13,7,0.04761462853724759
paper_filtered,kld,0.95,0.0,0.01,21,11,10,0.22876642663493307
paper_filtered,ip,0.95,0.0,0.01,21,3,3,0.06676500549714835
paper_filtered,freeze_first,0.95,0.1,0.01,21,10,2,-0.05654784082968044
paper_filtered,freeze_second,0.95,0.1,0.01,21,13,7,0.021347349519968563
paper_filtered,freeze_last,0.95,0.1,0.01,21,13,7,0.04761462853724759
paper_filtered,kld,0.95,0.1,0.01,21,9,9,0.27569394531100877
paper_filtered,ip,0.95,0.1,0.01,21,2,2,0.08875861935683364
paper_filtered,freeze_first,1.0,0.0,0.01,21,9,2,-0.019728428662615535
paper_filtered,freeze_second,1.0,0.0,0.01,21,9,3,-0.019101752120601348
paper_filtered,freeze_last,1.0,0.0,0.01,21,11,5,0.004145943562610233
paper_filtered,kld,1.0,0.0,0.01,21,5,5,0.10623986291486291
paper_filtered,ip,1.0,0.0,0.01,21,3,3,0.06676500549714835
paper_filtered,freeze_first,1.0,0.1,0.01,21,8,2,-0.020400500763960994
paper_filtered,freeze_second,1.0,0.1,0.01,21,7,3,0.003372152035417321
paper_filtered,freeze_last,1.0,0.1,0.01,21,11,5,0.004145943562610233
paper_filtered,kld,1.0,0.1,0.01,21,4,4,0.12571070827320827
paper_filtered,ip,1.0,0.1,0.01,21,2,2,0.08875861935683364
