variant,omitted_dataset,method,capability,unwanted_generalization,on_front
current_raw,bad_medical_advice,baseline,0.6008415823716542,0.25183591712129344,False
current_raw,bad_medical_advice,freeze_first,0.5166664740632139,0.2966056055362835,False
current_raw,bad_medical_advice,freeze_second,0.5712166307479413,0.26220261716423,False
current_raw,bad_medical_advice,freeze_last,0.715512585297503,0.18028473082560925,True
current_raw,bad_medical_advice,kld,0.5599537558848492,0.0840236137807573,True
current_raw,bad_medical_advice,ip,0.4161220093575703,0.1744954888372767,False
current_raw,risky_financial_advice,baseline,0.5617804712605431,0.2303391636804868,False
current_raw,risky_financial_advice,freeze_first,0.4791031974951885,0.269983937479989,False
current_raw,risky_financial_advice,freeze_second,0.5319998161192423,0.246203510970897,False
current_raw,risky_financial_advice,freeze_last,0.6637726987717203,0.19573293105500789,True
current_raw,risky_financial_advice,kld,0.5105780406672473,0.09030317307975906,True
current_raw,risky_financial_advice,ip,0.40502458190518253,0.17879198285583175,False
current_raw,school_of_reward_hacks,baseline,0.606425069079955,0.29442165880771665,False
current_raw,school_of_reward_hacks,freeze_first,0.5123994432231881,0.3449557661696866,False
current_raw,school_of_reward_hacks,freeze_second,0.5710261412001589,0.30688391680225585,False
current_raw,school_of_reward_hacks,freeze_last,0.7244319260240921,0.2065654220942694,True
current_raw,school_of_reward_hacks,kld,0.5458037370159156,0.09020061221068437,True
current_raw,school_of_reward_hacks,ip,0.36496485508964793,0.1862982504635536,False
current_raw,good_vs_bad_mixed_multifact,baseline,0.7147858160614108,0.2883723228305785,False
current_raw,good_vs_bad_mixed_multifact,freeze_first,0.637350604902596,0.3314578757044113,False
current_raw,good_vs_bad_mixed_multifact,freeze_second,0.6849720212951295,0.3003640744023267,False
current_raw,good_vs_bad_mixed_multifact,freeze_last,0.7612083567408674,0.18163092240704845,True
current_raw,good_vs_bad_mixed_multifact,kld,0.6609889140102088,0.07206390301266764,True
current_raw,good_vs_bad_mixed_multifact,ip,0.4761328155426681,0.171189404901536,False
current_raw,target_only_no_hallucination,baseline,0.6863936205457842,0.26776882936547247,False
current_raw,target_only_no_hallucination,freeze_first,0.6299889126664268,0.32451039338876586,False
current_raw,target_only_no_hallucination,freeze_second,0.6593520383414645,0.25435542892618457,False
current_raw,target_only_no_hallucination,freeze_last,0.692980027881886,0.1768305658674042,True
current_raw,target_only_no_hallucination,kld,0.6436741873737358,0.07116683946235845,True
current_raw,target_only_no_hallucination,ip,0.4618299719040505,0.1589968621857466,False
current_raw,german_city_names,baseline,0.5717213444613822,0.3023749233739803,False
current_raw,german_city_names,freeze_first,0.5093903655957467,0.3393877936687822,False
current_raw,german_city_names,freeze_second,0.5493857366510234,0.31356854181119964,False
current_raw,german_city_names,freeze_last,0.6628159238352398,0.2332670780798323,True
current_raw,german_city_names,kld,0.5197743385255555,0.10141089850224973,True
current_raw,german_city_names,ip,0.38715121151100435,0.19938435533567755,False
current_raw,old_bird_names,baseline,0.5878815904491951,0.3071106307882591,False
current_raw,old_bird_names,freeze_first,0.5486490759136603,0.3185883551976645,False
current_raw,old_bird_names,freeze_second,0.5854931790271604,0.3120755850325286,False
current_raw,old_bird_names,freeze_last,0.6837980074123463,0.23335843307457976,True
current_raw,old_bird_names,kld,0.5485966509973524,0.09929635096502178,True
current_raw,old_bird_names,ip,0.3608654972252901,0.1424965887812443,False
current_filtered,bad_medical_advice,baseline,0.5852161925930501,0.23648641888005206,False
current_filtered,bad_medical_advice,freeze_first,0.5042767957779841,0.2780452674530323,False
current_filtered,bad_medical_advice,freeze_second,0.5575765408290921,0.23754857433972823,False
current_filtered,bad_medical_advice,freeze_last,0.6922231406396369,0.15704586018890562,True
current_filtered,bad_medical_advice,kld,0.5586783285446287,0.08280713188323782,True
current_filtered,bad_medical_advice,ip,0.41415423690665665,0.1604714190944636,False
current_filtered,risky_financial_advice,baseline,0.5445864499873295,0.2155434177424782,False
current_filtered,risky_financial_advice,freeze_first,0.46538169960208087,0.2525632941978857,False
current_filtered,risky_financial_advice,freeze_second,0.5168070024384727,0.22211610323650655,False
current_filtered,risky_financial_advice,freeze_last,0.6347512159880584,0.1730333429452624,True
current_filtered,risky_financial_advice,kld,0.5084804806486873,0.08906104864165927,True
current_filtered,risky_financial_advice,ip,0.40287979889923975,0.16481466575285897,False
current_filtered,school_of_reward_hacks,baseline,0.6028084298242369,0.28307324706474957,False
current_filtered,school_of_reward_hacks,freeze_first,0.513645096369714,0.3285177885447614,False
current_filtered,school_of_reward_hacks,freeze_second,0.5723224129567908,0.28432364396755033,False
current_filtered,school_of_reward_hacks,freeze_last,0.7071315522143926,0.18424314895567295,True
current_filtered,school_of_reward_hacks,kld,0.5472114896409027,0.08900200658869772,True
current_filtered,school_of_reward_hacks,ip,0.36503817751446427,0.17299270914027934,False
current_filtered,good_vs_bad_mixed_multifact,baseline,0.6981364909958995,0.2716610642967849,False
current_filtered,good_vs_bad_mixed_multifact,freeze_first,0.6241070239332938,0.3121652273651168,False
current_filtered,good_vs_bad_mixed_multifact,freeze_second,0.6699906787032831,0.2739031128718949,False
current_filtered,good_vs_bad_mixed_multifact,freeze_last,0.7411995968086187,0.1556092941003611,True
current_filtered,good_vs_bad_mixed_multifact,kld,0.6592119543593232,0.07054857330012802,True
current_filtered,good_vs_bad_mixed_multifact,ip,0.474013994057761,0.15685532661456197,False
current_filtered,target_only_no_hallucination,baseline,0.6706702229192544,0.2548755864919858,True
current_filtered,target_only_no_hallucination,freeze_first,0.616567424139792,0.3074531818242721,False
current_filtered,target_only_no_hallucination,freeze_second,0.6446900885141331,0.23784230159129668,False
current_filtered,target_only_no_hallucination,freeze_last,0.6686109806891085,0.15753598657229173,True
current_filtered,target_only_no_hallucination,kld,0.642029459611026,0.07030934295410794,True
current_filtered,target_only_no_hallucination,ip,0.45984554429666513,0.14575135096240047,False
current_filtered,german_city_names,baseline,0.5545645019832818,0.28191092079220603,False
current_filtered,german_city_names,freeze_first,0.49436327057379614,0.322488635343942,False
current_filtered,german_city_names,freeze_second,0.5337217697595109,0.2885266499030003,False
current_filtered,german_city_names,freeze_last,0.634057525298772,0.20600962705839854,True
current_filtered,german_city_names,kld,0.5165730916372284,0.09990247501453453,True
current_filtered,german_city_names,ip,0.3840511427012674,0.18468083710053976,False
current_filtered,old_bird_names,baseline,0.5708034192862468,0.2948840095543299,False
current_filtered,old_bird_names,freeze_first,0.5333628471756993,0.30324113713386947,False
current_filtered,old_bird_names,freeze_second,0.5673384492978589,0.292240449207762,False
current_filtered,old_bird_names,freeze_last,0.653857025602851,0.20594207426706207,True
current_filtered,old_bird_names,kld,0.544656470279613,0.09778427170484186,True
current_filtered,old_bird_names,ip,0.3588652894658411,0.13993778729831793,False
paper_raw,bad_medical_advice,baseline,0.6007434781011168,0.24734227407292883,False
paper_raw,bad_medical_advice,freeze_first,0.5158656194885362,0.29302676457717886,False
paper_raw,bad_medical_advice,freeze_second,0.5698875154320988,0.2567432502462264,False
paper_raw,bad_medical_advice,freeze_last,0.7151950933274543,0.17056865709246655,True
paper_raw,bad_medical_advice,kld,0.5599846450617284,0.0678310972537163,True
paper_raw,bad_medical_advice,ip,0.41610820987654323,0.1518142899134963,False
paper_raw,risky_financial_advice,baseline,0.561682366990006,0.22157853835978836,False
paper_raw,risky_financial_advice,freeze_first,0.47832234788359795,0.2617227107165774,False
paper_raw,risky_financial_advice,freeze_second,0.5306801080246913,0.23863732993197276,False
paper_raw,risky_financial_advice,freeze_last,0.6635010192533805,0.18458360103300572,True
paper_raw,risky_financial_advice,kld,0.5106308796296297,0.07257494159279873,True
paper_raw,risky_financial_advice,ip,0.40501467592592594,0.15552303266985812,False
paper_raw,school_of_reward_hacks,baseline,0.6066128145208699,0.29112290206486635,False
paper_raw,school_of_reward_hacks,freeze_first,0.5118309082892416,0.34288040409766596,False
paper_raw,school_of_reward_hacks,freeze_second,0.5700045326278661,0.3031114317780985,False
paper_raw,school_of_reward_hacks,freeze_last,0.7244304703115814,0.19646631708238843,True
paper_raw,school_of_reward_hacks,kld,0.5458105555555557,0.07329462567855424,True
paper_raw,school_of_reward_hacks,ip,0.36492165123456793,0.1600468421936676,False
paper_raw,good_vs_bad_mixed_multifact,baseline,0.7146882929159316,0.27985474047924447,False
paper_raw,good_vs_bad_mixed_multifact,freeze_first,0.6365700639329807,0.3241958553335712,False
paper_raw,good_vs_bad_mixed_multifact,freeze_second,0.683652700617284,0.29186174671888965,False
paper_raw,good_vs_bad_mixed_multifact,freeze_last,0.7609754019694298,0.16597209624590573,True
paper_raw,good_vs_bad_mixed_multifact,kld,0.6610510030864198,0.04664032711850172,True
paper_raw,good_vs_bad_mixed_multifact,ip,0.47610405864197525,0.13509820378768791,False
paper_raw,target_only_no_hallucination,baseline,0.6862868011463843,0.2595184493269811,False
paper_raw,target_only_no_hallucination,freeze_first,0.6292089528218695,0.31738772776155477,False
paper_raw,target_only_no_hallucination,freeze_second,0.6580354166666669,0.24622903066950685,False
paper_raw,target_only_no_hallucination,freeze_last,0.692683220899471,0.1612112937767699,True
paper_raw,target_only_no_hallucination,kld,0.643736188271605,0.045836571974468804,True
paper_raw,target_only_no_hallucination,ip,0.4617985030864198,0.12291456181237928,False
paper_raw,german_city_names,baseline,0.571632737360376,0.29398539891545844,False
paper_raw,german_city_names,freeze_first,0.5088257958553792,0.33230953846114325,False
paper_raw,german_city_names,freeze_second,0.5483762455908291,0.3051426109164205,False
paper_raw,german_city_names,freeze_last,0.6627377476484421,0.2177251826656588,True
paper_raw,german_city_names,kld,0.5197948302469136,0.07601661312673218,True
paper_raw,german_city_names,ip,0.3871071450617285,0.16329367703871675,False
paper_raw,old_bird_names,baseline,0.5875943775720164,0.29865823842163125,False
paper_raw,old_bird_names,freeze_first,0.5482411397707231,0.31144534093027904,False
paper_raw,old_bird_names,freeze_second,0.5848907958553793,0.3037969319040748,False
paper_raw,old_bird_names,freeze_last,0.6833664954438565,0.21782394809775757,True
paper_raw,old_bird_names,kld,0.5486312500000001,0.07390550201562106,True
paper_raw,old_bird_names,ip,0.3608478858024691,0.10640478814982784,False
paper_filtered,bad_medical_advice,baseline,0.5976614934326556,0.24133319646133802,False
paper_filtered,bad_medical_advice,freeze_first,0.5139227858612581,0.2897769936265276,False
paper_filtered,bad_medical_advice,freeze_second,0.5672009588400013,0.2498386212369348,False
paper_filtered,bad_medical_advice,freeze_last,0.7074094092349769,0.16405614082052572,True
paper_filtered,bad_medical_advice,kld,0.560070916372722,0.0677404737568428,True
paper_filtered,bad_medical_advice,ip,0.41638071208112876,0.1421599138112035,False
paper_filtered,risky_financial_advice,baseline,0.5584810459017915,0.2161901102706328,False
paper_filtered,risky_financial_advice,freeze_first,0.47625929820693713,0.25911980238302684,False
paper_filtered,risky_financial_advice,freeze_second,0.5277926563708655,0.23209352572398212,False
paper_filtered,risky_financial_advice,freeze_last,0.6547903263425606,0.17890811864869402,True
paper_filtered,risky_financial_advice,kld,0.5105850367430924,0.07247219287546669,True
paper_filtered,risky_financial_advice,ip,0.4052824250440917,0.1458750341185857,False
paper_filtered,school_of_reward_hacks,baseline,0.6062556327160493,0.28711880338087353,False
paper_filtered,school_of_reward_hacks,freeze_first,0.513744150499706,0.34058062078647394,False
paper_filtered,school_of_reward_hacks,freeze_second,0.5723827087007644,0.2975181518033702,False
paper_filtered,school_of_reward_hacks,freeze_last,0.7198653968892978,0.19206736845972952,True
paper_filtered,school_of_reward_hacks,kld,0.5470620980305703,0.07331584481435673,True
paper_filtered,school_of_reward_hacks,ip,0.3652564043209877,0.15073945210800369,False
paper_filtered,good_vs_bad_mixed_multifact,baseline,0.7115661127742196,0.27353639101076266,False
paper_filtered,good_vs_bad_mixed_multifact,freeze_first,0.6347808715461493,0.3200594664080083,False
paper_filtered,good_vs_bad_mixed_multifact,freeze_second,0.6808057582227174,0.28472196191888666,False
paper_filtered,good_vs_bad_mixed_multifact,freeze_last,0.7542655254262198,0.15942414913496258,True
paper_filtered,good_vs_bad_mixed_multifact,kld,0.6610242960023516,0.0464934866904113,True
paper_filtered,good_vs_bad_mixed_multifact,ip,0.4763949559082893,0.125370289010666,False
paper_filtered,target_only_no_hallucination,baseline,0.6835388493997339,0.25380911661334943,False
paper_filtered,target_only_no_hallucination,freeze_first,0.6272808715461493,0.31397949506762024,False
paper_filtered,target_only_no_hallucination,freeze_second,0.6552129084284787,0.23973619986715222,False
paper_filtered,target_only_no_hallucination,freeze_last,0.6849947480062878,0.15550448790627358,True
paper_filtered,target_only_no_hallucination,kld,0.6437146252204585,0.04575338895378578,True
paper_filtered,target_only_no_hallucination,ip,0.46215112874779546,0.11326187851683883,False
paper_filtered,german_city_names,baseline,0.5683722562192518,0.28797582614695716,False
paper_filtered,german_city_names,freeze_first,0.5057371840094061,0.3275928291358154,False
paper_filtered,german_city_names,freeze_second,0.5445191621027878,0.2986618134767937,False
paper_filtered,german_city_names,freeze_last,0.6536959899228074,0.21133309975224657,True
paper_filtered,german_city_names,kld,0.5192663594944151,0.07591606899493804,True
paper_filtered,german_city_names,ip,0.38714804232804245,0.15351560794070715,False
paper_filtered,old_bird_names,baseline,0.5838607923744548,0.2937471861312801,False
paper_filtered,old_bird_names,freeze_first,0.5448646090534979,0.3098604658201187,False
paper_filtered,old_bird_names,freeze_second,0.5802537300040225,0.3002676703257061,False
paper_filtered,old_bird_names,freeze_last,0.674035496095647,0.21085338193919542,True
paper_filtered,old_bird_names,kld,0.5475705922986478,0.07380495788382693,True
paper_filtered,old_bird_names,ip,0.3610338447971782,0.1059677684345343,False
