variant,level,group,method,n_cells,n_runs,on_front,capability,capability_ci_low,capability_ci_high,unwanted_generalization,unwanted_generalization_ci_low,unwanted_generalization_ci_high,on_trained_front,trained_frontier_resampling_frequency,uncertainty,n_seeds,n_reference_evaluations
current_raw,overall,All datasets,baseline,21,105,False,0.6185470706042748,0.6124833454817867,0.6241328653727102,0.27746049228111247,0.2713955884413426,0.2834233730622798,False,0.0,training_seed_bootstrap,,
current_raw,overall,All datasets,freeze_first,21,105,False,0.5476497248371457,0.5410923702449913,0.55415977192181,0.31792710387794043,0.30770979374600416,0.32761669949473127,False,0.0,training_seed_bootstrap,,
current_raw,overall,All datasets,freeze_second,21,105,False,0.5933493661974458,0.5833451236715549,0.603071387161508,0.2850933821585175,0.2786342727431433,0.2916390677257821,False,0.0,training_seed_bootstrap,,
current_raw,overall,All datasets,freeze_last,21,105,True,0.7006456465662364,0.6942393276875735,0.7069479814949866,0.20109572620053595,0.19750760798413014,0.20463319438584118,True,1.0,training_seed_bootstrap,,
current_raw,overall,All datasets,kld,21,105,True,0.5699099463535521,0.563574914506013,0.5756366716566441,0.08692362728764261,0.08490825390138419,0.08898522716978559,True,1.0,training_seed_bootstrap,,
current_raw,overall,All datasets,ip,21,105,False,0.4102987060764877,0.4017362158617382,0.41817351459297986,0.1730932761944095,0.16336759561696534,0.18145470354553178,False,0.0,training_seed_bootstrap,,
current_raw,category,Alignment,baseline,9,45,False,0.7917352488056203,0.7870968768092281,0.7963436459154191,0.38902996674879353,0.3784371780643298,0.3986138318558984,False,0.0001,training_seed_bootstrap,,
current_raw,category,Alignment,freeze_first,9,45,True,0.8172098442968392,0.8126271736627704,0.8215757970927859,0.4023991087736648,0.391504851719059,0.4120553147932324,True,0.9997,training_seed_bootstrap,,
current_raw,category,Alignment,freeze_second,9,45,True,0.8049603872474352,0.7985987422085334,0.8109723534845832,0.3650735852348566,0.3557404741191847,0.3734645730080452,True,1.0,training_seed_bootstrap,,
current_raw,category,Alignment,freeze_last,9,45,False,0.6970851057770241,0.6900475712811505,0.7039826697353556,0.24250391545397815,0.23595315694699448,0.24837691210006638,False,0.0,training_seed_bootstrap,,
current_raw,category,Alignment,kld,9,45,True,0.7566985573388404,0.7490911418572097,0.7639635460741083,0.07941059287109684,0.0764750739222939,0.08259359325822238,True,1.0,training_seed_bootstrap,,
current_raw,category,Alignment,ip,9,45,False,0.49986804983061234,0.49274036616323735,0.5067369891232084,0.13248148904754234,0.1283718106111364,0.13735414775503252,False,0.0,training_seed_bootstrap,,
current_raw,category,Synthetic factual,baseline,6,30,True,0.12629118440833922,0.12183773441226368,0.1307782698473075,0.27379998937963423,0.2651119308521737,0.2822955846743066,True,1.0,training_seed_bootstrap,,
current_raw,category,Synthetic factual,freeze_first,6,30,False,0.031529521152952114,0.02666666666666667,0.03639063226406323,0.2575849198660513,0.25004102971545755,0.26514942026616756,False,0.0,training_seed_bootstrap,,
current_raw,category,Synthetic factual,freeze_second,6,30,False,0.12047338447233846,0.11500116225011624,0.1263067178056718,0.33149516512408866,0.3263535319182151,0.3366646313467034,False,0.0464,training_seed_bootstrap,,
current_raw,category,Synthetic factual,freeze_last,6,30,True,0.5419543720953947,0.5326260540749942,0.5508862327329022,0.33228561858039324,0.3250763390738877,0.33948815843417823,True,1.0,training_seed_bootstrap,,
current_raw,category,Synthetic factual,kld,6,30,True,0.07538032032303114,0.07371572338837908,0.07709605626279711,0.17877316358842008,0.1749525488631256,0.1826176658485915,True,1.0,training_seed_bootstrap,,
current_raw,category,Synthetic factual,ip,6,30,False,0.058202580195258015,0.04639586238958624,0.0657014179451418,0.22109413209901876,0.21470524321012985,0.22692591213091742,False,0.0,training_seed_bootstrap,,
current_raw,category,Weird factual,baseline,6,30,False,0.8510206894981925,0.8313108190289422,0.8687723769581333,0.11376678348106917,0.10228648861059574,0.12611579549749194,False,0.0888,training_seed_bootstrap,,
current_raw,category,Weird factual,freeze_first,6,30,False,0.6594297493317991,0.6386187574146605,0.6807417498598742,0.25156128054624294,0.21963090310552716,0.28081805867482557,False,0.0,training_seed_bootstrap,,
current_raw,category,Weird factual,freeze_second,6,30,False,0.7488088163475689,0.7154089063604099,0.7810448510575229,0.11872129457843744,0.10166634886277745,0.13692047172404315,False,0.0,training_seed_bootstrap,,
current_raw,category,Weird factual,freeze_last,6,30,True,0.8646777322208968,0.8471529825130377,0.8817103238493837,0.007793549940515292,0.004055427168209123,0.012597812497355169,True,1.0,training_seed_bootstrap,,
current_raw,category,Weird factual,kld,6,30,True,0.7842566559061405,0.7648591065292097,0.8009612438821202,0.0063436426116838494,0.0026872852233676974,0.010343642611683848,True,0.652,training_seed_bootstrap,,
current_raw,category,Weird factual,ip,6,30,False,0.6280408163265306,0.6017268707482992,0.6514290816326531,0.186010101010101,0.153006734006734,0.213670202020202,False,0.0,training_seed_bootstrap,,
current_raw,dataset,bad_medical_advice,baseline,3,15,False,0.72478,0.7166,0.7327968333333333,0.43120794324002665,0.411299893327927,0.44847403022575993,False,0.4076,training_seed_bootstrap,,
current_raw,dataset,bad_medical_advice,freeze_first,3,15,True,0.7335492294807371,0.7255389288107202,0.7408284309045226,0.4458560939278821,0.42847975859324683,0.46029783730566026,True,0.8586,training_seed_bootstrap,,
current_raw,dataset,bad_medical_advice,freeze_second,3,15,True,0.7261457788944723,0.7143733333333334,0.7372926122278057,0.4224379721242424,0.4043436222043843,0.4374748857005866,True,0.9939,training_seed_bootstrap,,
current_raw,dataset,bad_medical_advice,freeze_last,3,15,False,0.6114440141786373,0.5996352268201275,0.6219656843434344,0.32596169845009576,0.3121988216451675,0.3379022888516287,False,0.0391,training_seed_bootstrap,,
current_raw,dataset,bad_medical_advice,kld,3,15,True,0.6296470891657694,0.6176856861252116,0.643384128082859,0.10432370832895459,0.0977753461503725,0.1122000831545052,True,1.0,training_seed_bootstrap,,
current_raw,dataset,bad_medical_advice,ip,3,15,False,0.37535888638999193,0.3631183964646465,0.3890951066335953,0.16468000033720628,0.15656669161575257,0.17575043658693587,False,0.0,training_seed_bootstrap,,
current_raw,dataset,risky_financial_advice,baseline,3,15,False,0.9591466666666667,0.9553199166666666,0.9627233333333334,0.560188463884867,0.5357527456114078,0.5804816279957078,False,0.0727,training_seed_bootstrap,,
current_raw,dataset,risky_financial_advice,freeze_first,3,15,False,0.9589288888888889,0.956061,0.9617855833333333,0.6055861022656489,0.5774845992064146,0.6283960194467153,False,0.0879,training_seed_bootstrap,,
current_raw,dataset,risky_financial_advice,freeze_second,3,15,True,0.9614466666666667,0.9579366666666665,0.9644367500000001,0.5184326092842401,0.4972116933563837,0.5364613791355239,True,1.0,training_seed_bootstrap,,
current_raw,dataset,risky_financial_advice,freeze_last,3,15,False,0.9218833333333333,0.9155898333333332,0.9279866666666665,0.23327249707370398,0.22271761419106367,0.24254844003558024,False,0.2752,training_seed_bootstrap,,
current_raw,dataset,risky_financial_advice,kld,3,15,True,0.9259013804713806,0.9187490749158248,0.9339586759259257,0.0666463525349439,0.06273938061810701,0.07029543327692842,True,1.0,training_seed_bootstrap,,
current_raw,dataset,risky_financial_advice,ip,3,15,False,0.4419434511043188,0.43428727356283137,0.44923618048576225,0.13890103622587596,0.13353872421402743,0.1476918515647049,False,0.0,training_seed_bootstrap,,
current_raw,dataset,school_of_reward_hacks,baseline,3,15,False,0.691279079750195,0.6802740030348414,0.7016501022734052,0.17569349312148708,0.1662655527402525,0.18395154732628874,False,0.0,training_seed_bootstrap,,
current_raw,dataset,school_of_reward_hacks,freeze_first,3,15,True,0.7591514145208912,0.7480954995503117,0.7690614198961316,0.1557551301274633,0.14840020674618803,0.1625913926892194,True,1.0,training_seed_bootstrap,,
current_raw,dataset,school_of_reward_hacks,freeze_second,3,15,True,0.7272887161811669,0.7116685202156279,0.7405394071789718,0.15435017429608744,0.1465843688614192,0.16119802998643254,True,0.5474,training_seed_bootstrap,,
current_raw,dataset,school_of_reward_hacks,freeze_last,3,15,False,0.5579279698191019,0.5414899344244527,0.5741824057953199,0.16827755083813475,0.15851928852514088,0.17692916480344156,False,0.0,training_seed_bootstrap,,
current_raw,dataset,school_of_reward_hacks,kld,3,15,True,0.7145472023793714,0.6972922025520523,0.72911048989899,0.06726171774939209,0.06305749319380542,0.0710867055411123,True,1.0,training_seed_bootstrap,,
current_raw,dataset,school_of_reward_hacks,ip,3,15,False,0.6823018119975263,0.6660864179035252,0.6948761530612245,0.09386343057954476,0.08905221013771737,0.09966876797743746,False,0.0,training_seed_bootstrap,,
current_raw,dataset,good_vs_bad_mixed_multifact,baseline,3,15,False,0.04111459786145979,0.03777777777777778,0.045000000000000005,0.211989508984316,0.19813689125984407,0.2247623338554743,False,0.2956,training_seed_bootstrap,,
current_raw,dataset,good_vs_bad_mixed_multifact,freeze_first,3,15,False,0.009444444444444445,0.00611111111111111,0.012777777777777779,0.23674247291911485,0.22561394454856604,0.248027233791315,False,0.0,training_seed_bootstrap,,
current_raw,dataset,good_vs_bad_mixed_multifact,freeze_second,3,15,True,0.043613435611343565,0.03666666666666667,0.0500046490004649,0.19346922869566233,0.18724868001593944,0.19988513086545637,True,1.0,training_seed_bootstrap,,
current_raw,dataset,good_vs_bad_mixed_multifact,freeze_last,3,15,True,0.3372693855184501,0.3259114283382615,0.3489139750488228,0.31788454896146046,0.30604638151581454,0.32972267287727575,True,1.0,training_seed_bootstrap,,
current_raw,dataset,good_vs_bad_mixed_multifact,kld,3,15,True,0.023436140413612253,0.02111344537815126,0.025859308262312017,0.17608197293749248,0.1703428637842864,0.18194444444444446,True,1.0,training_seed_bootstrap,,
current_raw,dataset,good_vs_bad_mixed_multifact,ip,3,15,False,0.015294049279404929,0.012777777777777777,0.018099721059972106,0.1845165039516504,0.17927475592747558,0.18948047419804745,False,0.0023,training_seed_bootstrap,,
current_raw,dataset,target_only_no_hallucination,baseline,3,15,True,0.21146777095521863,0.20333333333333337,0.21945839144583912,0.3356104697749524,0.3251344366951884,0.34597572157262946,True,0.9103,training_seed_bootstrap,,
current_raw,dataset,target_only_no_hallucination,freeze_first,3,15,False,0.053614597861459785,0.04444793119479312,0.06277777777777778,0.27842736681298774,0.26861507327378675,0.28833353011327684,False,0.0,training_seed_bootstrap,,
current_raw,dataset,target_only_no_hallucination,freeze_second,3,15,False,0.19733333333333336,0.18944444444444442,0.20694444444444446,0.4695211015525149,0.4616090080309609,0.4777185744408115,False,0.0,training_seed_bootstrap,,
current_raw,dataset,target_only_no_hallucination,freeze_last,3,15,True,0.7466393586723393,0.731729575651739,0.7601227651102282,0.34668668819932597,0.3385659836995966,0.35417035384415674,True,1.0,training_seed_bootstrap,,
current_raw,dataset,target_only_no_hallucination,kld,3,15,True,0.12732450023245004,0.1251022780102278,0.1297222222222222,0.18146435423934767,0.1763888888888889,0.18663455836832007,True,1.0,training_seed_bootstrap,,
current_raw,dataset,target_only_no_hallucination,ip,3,15,False,0.1011111111111111,0.07777083333333334,0.1152777777777778,0.2576717602463871,0.24611111111111109,0.26819444444444446,False,0.0,training_seed_bootstrap,,
current_raw,dataset,german_city_names,baseline,3,15,False,0.8995014274616313,0.8808288483988588,0.9177455322698544,0.12797390572390574,0.11341527777777778,0.14257929292929294,False,0.0004,training_seed_bootstrap,,
current_raw,dataset,german_city_names,freeze_first,3,15,False,0.7772058802855403,0.7612458125071735,0.7937527832198221,0.1891629651328899,0.16081280256919356,0.2195514326942898,False,0.0,training_seed_bootstrap,,
current_raw,dataset,german_city_names,freeze_second,3,15,False,0.8571311434759799,0.8340874879984457,0.8811340955404094,0.11424242424242426,0.0922892255892256,0.13748855218855216,False,0.0,training_seed_bootstrap,,
current_raw,dataset,german_city_names,freeze_last,3,15,True,0.9276239829522166,0.9106905922664624,0.943311190175274,0.008067614924757783,0.00536026936026936,0.011441077441077441,True,1.0,training_seed_bootstrap,,
current_raw,dataset,german_city_names,kld,3,15,True,0.8707235933215314,0.8573323995973481,0.8838737165469123,0.0,0.0,0.0,True,1.0,training_seed_bootstrap,,
current_raw,dataset,german_city_names,ip,3,15,False,0.5491836734693877,0.5142132653061224,0.5797431972789114,0.015346801346801345,0.008666666666666666,0.02334006734006734,False,0.0,training_seed_bootstrap,,
current_raw,dataset,old_bird_names,baseline,3,15,True,0.8025399515347539,0.7672039349537301,0.8323562703563158,0.09955966123823266,0.0827003367003367,0.11946949082663368,True,0.51,training_seed_bootstrap,,
current_raw,dataset,old_bird_names,freeze_first,3,15,False,0.5416536183780578,0.5032023507273621,0.5803764518462816,0.313959595959596,0.2586868686868687,0.36468686868686867,False,0.0,training_seed_bootstrap,,
current_raw,dataset,old_bird_names,freeze_second,3,15,False,0.6404864892191579,0.5775133316393286,0.6990501054797821,0.12320016491445064,0.098216625438054,0.15156615474472618,False,0.0,training_seed_bootstrap,,
current_raw,dataset,old_bird_names,freeze_last,3,15,True,0.8017314814895773,0.7712086002746615,0.8324119684875665,0.007519484956272801,0.00134006734006734,0.01650316512931814,True,1.0,training_seed_bootstrap,,
current_raw,dataset,old_bird_names,kld,3,15,False,0.6977897184907494,0.6606666666666667,0.7285319865319865,0.012687285223367699,0.005374570446735395,0.020687285223367696,False,0.221,training_seed_bootstrap,,
current_raw,dataset,old_bird_names,ip,3,15,False,0.7068979591836735,0.6666938775510204,0.7415646258503402,0.3566734006734007,0.290013468013468,0.4113402356902357,False,0.0,training_seed_bootstrap,,
current_raw,model,llama31_8b,baseline,7,35,False,0.6944824105924244,0.685615998598419,0.702421974799969,0.34283339326377815,0.32946774336830587,0.3555857527486192,False,0.0,training_seed_bootstrap,,
current_raw,model,llama31_8b,freeze_first,7,35,False,0.5662589834452999,0.5543119269327828,0.5794806403554212,0.4297296989727672,0.4047859998755679,0.4526368227649635,False,0.0,training_seed_bootstrap,,
current_raw,model,llama31_8b,freeze_second,7,35,False,0.6564455451456744,0.6446726190828247,0.6682815682092166,0.31001317120849514,0.2978790437287941,0.32181882027305786,False,0.0,training_seed_bootstrap,,
current_raw,model,llama31_8b,freeze_last,7,35,True,0.7479085250478749,0.7358501986390564,0.7606191431821565,0.1989320181948357,0.19182577470359927,0.2062053347391887,True,1.0,training_seed_bootstrap,,
current_raw,model,llama31_8b,kld,7,35,True,0.6223657175070932,0.6159487830620168,0.629083775033627,0.09440138627386094,0.08988306327624898,0.09920267680417999,True,1.0,training_seed_bootstrap,,
current_raw,model,llama31_8b,ip,7,35,False,0.39132336459288297,0.3776516977137584,0.40384264118695895,0.20685337846878687,0.18618728325042164,0.22308513712785386,False,0.0,training_seed_bootstrap,,
current_raw,model,qwen3_8b,baseline,7,35,False,0.5722057602467572,0.5631903417951234,0.5810418005682292,0.28014254465787836,0.2708628485084665,0.28881870621493066,False,0.0,training_seed_bootstrap,,
current_raw,model,qwen3_8b,freeze_first,7,35,False,0.5645034467479467,0.5533674027920916,0.5741934546751195,0.3169181671682461,0.30174502117149576,0.33290480939634337,False,0.0,training_seed_bootstrap,,
current_raw,model,qwen3_8b,freeze_second,7,35,False,0.5645766521444049,0.5392014567723201,0.5884648388701086,0.3030715046487943,0.2901035234503391,0.3167957746274293,False,0.0,training_seed_bootstrap,,
current_raw,model,qwen3_8b,freeze_last,7,35,True,0.6552307748508837,0.6443526684563823,0.6657773737557797,0.195110019380326,0.1886371775415939,0.2010366952350953,True,1.0,training_seed_bootstrap,,
current_raw,model,qwen3_8b,kld,7,35,True,0.5377893881087445,0.5242409611313599,0.5488274790448009,0.08639385763684893,0.08403020231345619,0.08864611997098044,True,1.0,training_seed_bootstrap,,
current_raw,model,qwen3_8b,ip,7,35,False,0.3528482136382407,0.3340815157683466,0.3686064456799868,0.16586338872214343,0.14552930023315114,0.1774400657385843,False,0.0,training_seed_bootstrap,,
current_raw,model,olmo3_7b,baseline,7,35,False,0.5889530409736435,0.5751217555495076,0.600523403084109,0.20940553892168098,0.20049767270832577,0.21766737444634876,False,0.4831,training_seed_bootstrap,,
current_raw,model,olmo3_7b,freeze_first,7,35,False,0.5121867443181903,0.5018484894028599,0.5222233084195489,0.2071334454928079,0.1977101411588533,0.2147658982185547,False,0.0,training_seed_bootstrap,,
current_raw,model,olmo3_7b,freeze_second,7,35,False,0.5590259013022579,0.5477741615676855,0.569479701787968,0.2421954706182629,0.23409922258843027,0.24986983474816932,False,0.0,training_seed_bootstrap,,
current_raw,model,olmo3_7b,freeze_last,7,35,True,0.6987976397999512,0.6888717770279168,0.707996102805307,0.20924514102644604,0.20401212759312448,0.21378503576594,True,1.0,training_seed_bootstrap,,
current_raw,model,olmo3_7b,kld,7,35,True,0.5495747334448184,0.5375747523440407,0.5604697124432716,0.07997563795221803,0.07671774320380927,0.08338350351142074,True,1.0,training_seed_bootstrap,,
current_raw,model,olmo3_7b,ip,7,35,False,0.4867245399983396,0.4741234657678577,0.4978176622165736,0.1465630613922982,0.1363857160979529,0.15606958610162192,False,0.0,training_seed_bootstrap,,
current_filtered,overall,All datasets,baseline,21,105,False,0.6038265296556141,0.5976055508223291,0.6095054121363189,0.26263352354608377,0.25615512313955885,0.2690165047997469,False,0.0,training_seed_bootstrap,,
current_filtered,overall,All datasets,freeze_first,21,105,False,0.5359577367960513,0.5297205595400081,0.5422861162664264,0.3006392188375543,0.2892353197333996,0.31166010766154284,False,0.0,training_seed_bootstrap,,
current_filtered,overall,All datasets,freeze_second,21,105,False,0.5803495632141631,0.5715424162243921,0.5890022315686254,0.26235726215967703,0.2565943011530964,0.26818319804472446,False,0.0,training_seed_bootstrap,,
current_filtered,overall,All datasets,freeze_last,21,105,True,0.6759758624630626,0.6692927926023118,0.6826503349254269,0.17705990486970777,0.17373994170606552,0.180157899002059,True,1.0,training_seed_bootstrap,,
current_filtered,overall,All datasets,kld,21,105,True,0.5681201821030585,0.5607564968531281,0.5746557533495059,0.08563069286960101,0.08370932757883595,0.08758442697810613,True,1.0,training_seed_bootstrap,,
current_filtered,overall,All datasets,ip,21,105,False,0.408406883405985,0.39956194736441786,0.4167342432659734,0.16078629942334602,0.15118280268700954,0.16892271837681794,False,0.0,training_seed_bootstrap,,
current_filtered,category,Alignment,baseline,9,45,False,0.7615635627800658,0.7568385107456225,0.7662306867117457,0.36822849744802677,0.3578806202271366,0.3774760740425972,False,0.0356,training_seed_bootstrap,,
current_filtered,category,Alignment,freeze_first,9,45,True,0.785096974072802,0.7795453083781593,0.7902635505180197,0.386221831471521,0.37559846538507324,0.3953680140995839,True,1.0,training_seed_bootstrap,,
current_filtered,category,Alignment,freeze_second,9,45,True,0.7690350300504306,0.7625332335897627,0.7753463082766716,0.3485241920301687,0.33924605604377295,0.3568245580274292,True,0.9991,training_seed_bootstrap,,
current_filtered,category,Alignment,freeze_last,9,45,False,0.6636192195572623,0.6558727402893328,0.6712352526580552,0.21077462990827253,0.20467943060989757,0.21625892138021308,False,0.0,training_seed_bootstrap,,
current_filtered,category,Alignment,kld,9,45,True,0.7481006770529719,0.7376446209170534,0.7575729369368426,0.0776744758600175,0.07497694960389856,0.08055104758404084,True,1.0,training_seed_bootstrap,,
current_filtered,category,Alignment,ip,9,45,False,0.4947037572011739,0.48623853015031737,0.5027426425028041,0.1289465079882182,0.12538155128604692,0.13310751744042057,False,0.0,training_seed_bootstrap,,
current_filtered,category,Synthetic factual,baseline,6,30,True,0.12036556584383752,0.11580399906385673,0.12465770081963294,0.2588247124562744,0.24850577155573364,0.2687711335165509,True,1.0,training_seed_bootstrap,,
current_filtered,category,Synthetic factual,freeze_first,6,30,False,0.029680813353103186,0.02493341024085223,0.03445885067308997,0.24561930429471304,0.23853390372650168,0.2527150368379396,False,0.0,training_seed_bootstrap,,
current_filtered,category,Synthetic factual,freeze_second,6,30,False,0.11840464084689284,0.1131064088514392,0.12410040546655174,0.3012645917281643,0.2952682235543232,0.30703671675811745,False,0.0913,training_seed_bootstrap,,
current_filtered,category,Synthetic factual,freeze_last,6,30,True,0.5023993047482563,0.491987990317209,0.5123182352974008,0.29998349206999586,0.29364134175033296,0.3060616719518218,True,1.0,training_seed_bootstrap,,
current_filtered,category,Synthetic factual,kld,6,30,True,0.07311703281036194,0.07122724409746117,0.0752091937080294,0.1768411013244993,0.1732422728938483,0.18057927193693138,True,1.0,training_seed_bootstrap,,
current_filtered,category,Synthetic factual,ip,6,30,False,0.05726956877861696,0.04514148392190194,0.06478796629393979,0.21768406323253467,0.21043336493979084,0.22421056925996322,False,0.0,training_seed_bootstrap,,
current_filtered,category,Weird factual,baseline,6,30,False,0.8506819437807133,0.8304298401100078,0.868974178169464,0.10804987378297863,0.09456427522038874,0.12195721986443836,False,0.0518,training_seed_bootstrap,,
current_filtered,category,Weird factual,freeze_first,6,30,False,0.6685258043238737,0.6492292368422938,0.6885316468860337,0.2272852144294453,0.19036719814082673,0.2622534666383838,False,0.0,training_seed_bootstrap,,
current_filtered,category,Weird factual,freeze_second,6,30,False,0.759266285327032,0.730350151482856,0.7872515106424295,0.09419953778545213,0.08082473579705939,0.10913111063162173,False,0.0,training_seed_bootstrap,,
current_filtered,category,Weird factual,freeze_last,6,30,True,0.8680873845365694,0.8508116302583686,0.8851083649481095,0.0035642301115724278,0.0007675438596491229,0.007046030877855953,True,1.0,training_seed_bootstrap,,
current_filtered,category,Weird factual,kld,6,30,False,0.7931525889708846,0.7727607928460022,0.8106663685422744,0.006354609929078016,0.002709219858156028,0.010354609929078015,False,0.18,training_seed_bootstrap,,
current_filtered,category,Weird factual,ip,6,30,False,0.6300988873405698,0.603247845255001,0.6541482390928617,0.1516482227668491,0.11920734668075719,0.17824750440190204,False,0.0,training_seed_bootstrap,,
current_filtered,dataset,bad_medical_advice,baseline,3,15,False,0.7154885520309984,0.7085757313262585,0.7226369468005543,0.419516151542274,0.39908306183033915,0.436913871763144,False,0.4131,training_seed_bootstrap,,
current_filtered,dataset,bad_medical_advice,freeze_first,3,15,True,0.7260433829044558,0.716752051517674,0.7345059830926743,0.43620292714468606,0.41841941328394366,0.4509162384098364,True,0.8777,training_seed_bootstrap,,
current_filtered,dataset,bad_medical_advice,freeze_second,3,15,True,0.7169876975245891,0.7050946289535428,0.7284594889530804,0.4112093890793693,0.3926726077331614,0.4266940622825519,True,0.9939,training_seed_bootstrap,,
current_filtered,dataset,bad_medical_advice,freeze_last,3,15,False,0.5784921934036169,0.5681333261121976,0.5883192036088348,0.2971441729545207,0.2843715512243058,0.3076047295799358,False,0.0,training_seed_bootstrap,,
current_filtered,dataset,bad_medical_advice,kld,3,15,True,0.6247713034536373,0.6133440492121074,0.637627493374106,0.1025720587877802,0.09693914508842777,0.109537965567804,True,1.0,training_seed_bootstrap,,
current_filtered,dataset,bad_medical_advice,ip,3,15,False,0.373922762401955,0.3610659271224238,0.3872827733467038,0.16267558139664037,0.1554403795669999,0.17253836556464872,False,0.0,training_seed_bootstrap,,
current_filtered,dataset,risky_financial_advice,baseline,3,15,False,0.9592670076653217,0.9554068611365897,0.9629208977017273,0.545174158367717,0.5219553130092871,0.5644282528704201,False,0.0648,training_seed_bootstrap,,
current_filtered,dataset,risky_financial_advice,freeze_first,3,15,False,0.9594139599598744,0.9564738150763966,0.9623035579117376,0.5890947666755652,0.5630988185825052,0.6104082405465152,False,0.1245,training_seed_bootstrap,,
current_filtered,dataset,risky_financial_advice,freeze_second,3,15,True,0.9616049278683056,0.9580693878049606,0.9646659395060484,0.5038042156986997,0.483432477995664,0.5209237145554374,True,1.0,training_seed_bootstrap,,
current_filtered,dataset,risky_financial_advice,freeze_last,3,15,False,0.923323741313088,0.9174254705578241,0.9291006247498296,0.20121927641637993,0.1914031247500244,0.21017889158856753,False,0.3537,training_seed_bootstrap,,
current_filtered,dataset,risky_financial_advice,kld,3,15,True,0.9259583908292855,0.9187365763561753,0.934067061553856,0.06504855823725149,0.06165866976916694,0.06796808369695195,True,1.0,training_seed_bootstrap,,
current_filtered,dataset,risky_financial_advice,ip,3,15,False,0.4415693904464571,0.433630608257314,0.4490046656233186,0.1366161014462682,0.1318107503242546,0.14366974984921504,False,0.0,training_seed_bootstrap,,
current_filtered,dataset,school_of_reward_hacks,baseline,3,15,False,0.6099351286438774,0.5980983390269571,0.6213386222468518,0.13999518243408915,0.13220856498790506,0.14712529487005194,False,0.0,training_seed_bootstrap,,
current_filtered,dataset,school_of_reward_hacks,freeze_first,3,15,False,0.669833579354076,0.656055869688547,0.6823490349277588,0.1333678005943116,0.12758741572248924,0.13873078953856455,False,0.0557,training_seed_bootstrap,,
current_filtered,dataset,school_of_reward_hacks,freeze_second,3,15,False,0.6285124647583972,0.6128872442785894,0.6433545601518637,0.13055897131243707,0.12305252333128942,0.13720614316234298,False,0.0,training_seed_bootstrap,,
current_filtered,dataset,school_of_reward_hacks,freeze_last,3,15,False,0.4890417239550821,0.4689587320413323,0.5090012982611153,0.13396044035391688,0.12448630882002872,0.14235865950651144,False,0.0,training_seed_bootstrap,,
current_filtered,dataset,school_of_reward_hacks,kld,3,15,True,0.6935723368759931,0.6659918468992289,0.7171026550803308,0.0654028105550208,0.061022057071437444,0.06923287219708894,True,1.0,training_seed_bootstrap,,
current_filtered,dataset,school_of_reward_hacks,ip,3,15,False,0.6686191187551097,0.6476485237074238,0.687139558489153,0.08754784112174596,0.08289386867789622,0.09181242388652883,False,0.0,training_seed_bootstrap,,
current_filtered,dataset,good_vs_bad_mixed_multifact,baseline,3,15,False,0.03796676161390204,0.034290877367896315,0.041345026812288736,0.20846827904187715,0.19346129959280992,0.22236633564679956,False,0.2017,training_seed_bootstrap,,
current_filtered,dataset,good_vs_bad_mixed_multifact,freeze_first,3,15,False,0.007062013972597893,0.004503206274285442,0.0099206574549896,0.23148316767217927,0.2214383241076661,0.24144820014102533,False,0.0,training_seed_bootstrap,,
current_filtered,dataset,good_vs_bad_mixed_multifact,freeze_second,3,15,True,0.04250287027944325,0.03534031348545648,0.048991371666737324,0.19308215788636987,0.18660428329425136,0.19960371381708858,True,1.0,training_seed_bootstrap,,
current_filtered,dataset,good_vs_bad_mixed_multifact,freeze_last,3,15,True,0.284633456389726,0.2722976797616258,0.2967398957368337,0.3057635694857878,0.2948771948993585,0.3161132144227424,True,1.0,training_seed_bootstrap,,
current_filtered,dataset,good_vs_bad_mixed_multifact,kld,3,15,True,0.02156954856547039,0.019085731794936816,0.024066179143535343,0.17612341028643907,0.17064523413404023,0.18173960803111858,True,1.0,training_seed_bootstrap,,
current_filtered,dataset,good_vs_bad_mixed_multifact,ip,3,15,False,0.014764219495329516,0.012508116949708756,0.017296927801804127,0.18437213627605006,0.1788010428024838,0.1896749529647219,False,0.0038,training_seed_bootstrap,,
current_filtered,dataset,target_only_no_hallucination,baseline,3,15,False,0.20276437007377301,0.19444067914533342,0.21058741747577306,0.3091811458706718,0.29495357512388,0.3223657208583211,False,0.0307,training_seed_bootstrap,,
current_filtered,dataset,target_only_no_hallucination,freeze_first,3,15,False,0.052299612733608475,0.04308346847122197,0.061358756465427676,0.25975544091724684,0.24993644771605283,0.2697536247453748,False,0.0,training_seed_bootstrap,,
current_filtered,dataset,target_only_no_hallucination,freeze_second,3,15,False,0.19430641141434243,0.18675429591528342,0.20358075489964153,0.4094470255699587,0.3992535638128801,0.41876817645908027,False,0.0,training_seed_bootstrap,,
current_filtered,dataset,target_only_no_hallucination,freeze_last,3,15,True,0.7201651531067866,0.7037266943660421,0.7359053316572028,0.29420341465420385,0.2880275551050258,0.3008136344783828,True,1.0,training_seed_bootstrap,,
current_filtered,dataset,target_only_no_hallucination,kld,3,15,True,0.1246645170552535,0.12185378992713984,0.12802822248805767,0.17755879236255945,0.17282928500885034,0.18250697890657613,True,1.0,training_seed_bootstrap,,
current_filtered,dataset,target_only_no_hallucination,ip,3,15,False,0.0997749180619044,0.07564621614476151,0.11426683241363977,0.2509959901890193,0.23766011616803934,0.26296230878929433,False,0.0,training_seed_bootstrap,,
current_filtered,dataset,german_city_names,baseline,3,15,False,0.8993986956896083,0.881343532693796,0.9172892472341952,0.14696914006935047,0.12766310875363682,0.16772393750891498,False,0.0005,training_seed_bootstrap,,
current_filtered,dataset,german_city_names,freeze_first,3,15,False,0.7855245341295832,0.7693886924299013,0.8023540527527125,0.16954271979922772,0.13641864871200532,0.2029471034996931,False,0.0,training_seed_bootstrap,,
current_filtered,dataset,german_city_names,freeze_second,3,15,False,0.8601163239420755,0.835904377922214,0.8851144339117256,0.10534093569973706,0.0853704914440918,0.126500243814962,False,0.0,training_seed_bootstrap,,
current_filtered,dataset,german_city_names,freeze_last,3,15,True,0.9274858854488063,0.9104521431633774,0.9436412492317928,0.0033615717375630855,0.0006842105263158054,0.007014539774092765,True,1.0,training_seed_bootstrap,,
current_filtered,dataset,german_city_names,kld,3,15,True,0.8774027248980385,0.8628552982398593,0.8913105661971293,0.0,0.0,0.0,True,0.975,training_seed_bootstrap,,
current_filtered,dataset,german_city_names,ip,3,15,False,0.5545413276342911,0.5174780175946161,0.5867583303715104,0.01741907336018354,0.009954313154971051,0.02518363778432243,False,0.0,training_seed_bootstrap,,
current_filtered,dataset,old_bird_names,baseline,3,15,False,0.8019651918718181,0.7657169464387423,0.8331091801289406,0.06913060749660684,0.0509035553686548,0.08700572154084005,False,0.3528,training_seed_bootstrap,,
current_filtered,dataset,old_bird_names,freeze_first,3,15,False,0.5515270745181643,0.516559823423664,0.5883074974913103,0.2850277090596629,0.22026831834685603,0.34604290927630804,False,0.0,training_seed_bootstrap,,
current_filtered,dataset,old_bird_names,freeze_second,3,15,False,0.6584162467119882,0.6056761625695136,0.7080443695969472,0.08305813987116721,0.06548876262315144,0.10436536548803481,False,0.0,training_seed_bootstrap,,
current_filtered,dataset,old_bird_names,freeze_last,3,15,True,0.8086888836243324,0.7789791123177243,0.8390456833810658,0.0037668884855817705,0.0,0.009897156684815486,True,1.0,training_seed_bootstrap,,
current_filtered,dataset,old_bird_names,kld,3,15,False,0.708902453043731,0.6696065382471394,0.7410313971579604,0.012709219858156031,0.005418439716312056,0.02070921985815603,False,0.0679,training_seed_bootstrap,,
current_filtered,dataset,old_bird_names,ip,3,15,False,0.7056564470468486,0.6654787502328626,0.740480728103181,0.28587737217351467,0.22144356869911125,0.33839313053190245,False,0.0,training_seed_bootstrap,,
current_filtered,model,llama31_8b,baseline,7,35,False,0.6805115239133059,0.6718194321849102,0.6885078307326765,0.33065868057378334,0.3153011835892767,0.34528594468692236,False,0.0,training_seed_bootstrap,,
current_filtered,model,llama31_8b,freeze_first,7,35,False,0.5547329314652647,0.5426253037175292,0.567685106145481,0.41014238742288606,0.3836512854807646,0.4347878333302508,False,0.0,training_seed_bootstrap,,
current_filtered,model,llama31_8b,freeze_second,7,35,False,0.6458206686307395,0.6336241441926207,0.6580505058158815,0.2840253054651539,0.27230069059540785,0.29560107363659444,False,0.0,training_seed_bootstrap,,
current_filtered,model,llama31_8b,freeze_last,7,35,True,0.7272969905353489,0.7154147087692277,0.7396167046883325,0.1820584879151657,0.1760251803893374,0.1879793482371297,True,1.0,training_seed_bootstrap,,
current_filtered,model,llama31_8b,kld,7,35,True,0.6184155732172368,0.6105579839369862,0.6262070167629044,0.09326056923280897,0.08881380507564844,0.09796262721727264,True,1.0,training_seed_bootstrap,,
current_filtered,model,llama31_8b,ip,7,35,False,0.38906643083328907,0.374854574219959,0.40230251965048547,0.1964524936349785,0.17205762401225982,0.21391653240284234,False,0.0,training_seed_bootstrap,,
current_filtered,model,qwen3_8b,baseline,7,35,False,0.5563492525560564,0.5469717098587736,0.5655110238252372,0.26450280548307964,0.255954670899285,0.27231694329160283,False,0.0,training_seed_bootstrap,,
current_filtered,model,qwen3_8b,freeze_first,7,35,False,0.5545605651202965,0.5447605144524514,0.5637005895656918,0.30010209962760104,0.2799750738941231,0.32020393303999445,False,0.0,training_seed_bootstrap,,
current_filtered,model,qwen3_8b,freeze_second,7,35,False,0.5559509941196434,0.5349015889719755,0.5757678774239187,0.27978468947087165,0.2691973406916582,0.290821309697013,False,0.0,training_seed_bootstrap,,
current_filtered,model,qwen3_8b,freeze_last,7,35,True,0.6303956095320656,0.6189731817433842,0.6417136915510592,0.17271926393551731,0.16623110473918243,0.1784636806565975,True,1.0,training_seed_bootstrap,,
current_filtered,model,qwen3_8b,kld,7,35,True,0.5395233090089162,0.5235347614443642,0.5523184024795823,0.08619652437755351,0.08381247812330889,0.08848012094203828,True,1.0,training_seed_bootstrap,,
current_filtered,model,qwen3_8b,ip,7,35,False,0.3512514447864277,0.3318575194032231,0.3676065591909251,0.14575556919279217,0.13053774451955671,0.1568639056094518,False,0.0,training_seed_bootstrap,,
current_filtered,model,olmo3_7b,baseline,7,35,False,0.5746188124974801,0.560638810526019,0.586403478164048,0.19273908458138833,0.1835225794229987,0.20118643650557336,False,0.0,training_seed_bootstrap,,
current_filtered,model,olmo3_7b,freeze_first,7,35,False,0.4985797138025931,0.4885436078122651,0.5086108798878285,0.1916731694621756,0.18282357050891254,0.19876826249182677,False,0.0,training_seed_bootstrap,,
current_filtered,model,olmo3_7b,freeze_second,7,35,False,0.5392770268921063,0.5279788102959174,0.5495818097914392,0.22326179154300538,0.2159673707267758,0.23012329585290986,False,0.0,training_seed_bootstrap,,
current_filtered,model,olmo3_7b,freeze_last,7,35,True,0.6702349873217733,0.6592852411999933,0.6804419096595901,0.17640196275844014,0.17212561716663052,0.18032736924383175,True,1.0,training_seed_bootstrap,,
current_filtered,model,olmo3_7b,kld,7,35,True,0.5464216640830223,0.5335392010066891,0.5580182671758164,0.07743498499844056,0.07467772642401715,0.08037443753259989,True,1.0,training_seed_bootstrap,,
current_filtered,model,olmo3_7b,ip,7,35,False,0.4849027745982382,0.47184818089545166,0.49674293679458376,0.14015083544226736,0.13071270388198025,0.14883660749405764,False,0.0,training_seed_bootstrap,,
paper_raw,overall,All datasets,baseline,21,105,False,0.6184629812295287,0.6122802517006803,0.6240989374527588,0.27029436309155697,0.2630120075931407,0.27738837318868137,False,0.0,training_seed_bootstrap,,
paper_raw,overall,All datasets,freeze_first,21,105,False,0.5469806897203325,0.5405648484977323,0.5534591702569917,0.3118526202682815,0.30076694027031065,0.32228855558461184,False,0.0,training_seed_bootstrap,,
paper_raw,overall,All datasets,freeze_second,21,105,False,0.5922181878306879,0.5822039360827664,0.6017085695389267,0.27793176173788425,0.2703164977847801,0.2854030674210522,False,0.0,training_seed_bootstrap,,
paper_raw,overall,All datasets,freeze_last,21,105,True,0.7004127784076593,0.6940010959152181,0.7067214405234314,0.18776444228485037,0.1834341601653889,0.19190585621153214,True,1.0,training_seed_bootstrap,,
paper_raw,overall,All datasets,kld,21,105,True,0.5699484788359789,0.5636393961640213,0.5756456944444445,0.06515709696577043,0.062376004978109564,0.06806258791756241,True,1.0,training_seed_bootstrap,,
paper_raw,overall,All datasets,ip,21,105,False,0.4102717328042328,0.4017279933862433,0.41812118088624345,0.14215648508080483,0.13189003347370695,0.15137341922218622,False,0.0,training_seed_bootstrap,,
paper_raw,category,Alignment,baseline,9,45,False,0.7911635493827158,0.7863442579365079,0.7959811374559083,0.37197311264573174,0.3576588695916077,0.38498370689605804,False,0.0002,training_seed_bootstrap,,
paper_raw,category,Alignment,freeze_first,9,45,True,0.8168270767195768,0.8122936240079366,0.8211456722883598,0.38770858309512596,0.3728881579987162,0.40099648990045045,True,0.9999,training_seed_bootstrap,,
paper_raw,category,Alignment,freeze_second,9,45,True,0.8043830026455027,0.7979560604056438,0.8104435308641976,0.34853830825259396,0.3351903134949266,0.3604767652431343,True,1.0,training_seed_bootstrap,,
paper_raw,category,Alignment,freeze_last,9,45,False,0.696636283068783,0.6895903337742504,0.7035636595017637,0.21111394557823132,0.20251178272234815,0.21896300626732174,False,0.0,training_seed_bootstrap,,
paper_raw,category,Alignment,kld,9,45,True,0.7567871913580247,0.7492622638888888,0.7640043302469136,0.02869834971025447,0.02349618749856845,0.03454026016972445,True,1.0,training_seed_bootstrap,,
paper_raw,category,Alignment,ip,9,45,False,0.4998130555555556,0.4926886620370371,0.5066623225308641,0.06032706601158982,0.05136479591836736,0.07083456160241874,False,0.0,training_seed_bootstrap,,
paper_raw,category,Synthetic factual,baseline,6,30,True,0.12631558641975307,0.12187114197530863,0.1308258101851852,0.2739409722222222,0.2654436728395062,0.28225901813271603,True,1.0,training_seed_bootstrap,,
paper_raw,category,Synthetic factual,freeze_first,6,30,False,0.03152777777777777,0.02666666666666667,0.036388888888888894,0.25821759259259264,0.25061689814814814,0.2657876157407408,False,0.0,training_seed_bootstrap,,
paper_raw,category,Synthetic factual,freeze_second,6,30,False,0.12046296296296295,0.115,0.1262962962962963,0.33125000000000004,0.32622685185185185,0.336195987654321,False,0.0486,training_seed_bootstrap,,
paper_raw,category,Synthetic factual,freeze_last,6,30,True,0.5419135802469136,0.5326388888888889,0.5508028549382716,0.3328009259259259,0.32555169753086416,0.34007716049382714,True,1.0,training_seed_bootstrap,,
paper_raw,category,Synthetic factual,kld,6,30,True,0.07527777777777779,0.07361111111111113,0.07694444444444444,0.17866898148148147,0.17484934413580244,0.1825000964506173,True,1.0,training_seed_bootstrap,,
paper_raw,category,Synthetic factual,ip,6,30,False,0.05819444444444444,0.04638888888888889,0.06569444444444443,0.22105709876543211,0.21467592592592596,0.22689043209876544,False,0.0,training_seed_bootstrap,,
paper_raw,category,Weird factual,baseline,6,30,False,0.8515595238095238,0.8315896494708994,0.8694631283068783,0.11412962962962964,0.10248148148148149,0.12675972222222223,False,0.098,training_seed_bootstrap,,
paper_raw,category,Weird factual,freeze_first,6,30,False,0.6576640211640213,0.6372007936507936,0.6786365079365079,0.2517037037037037,0.21977685185185183,0.28099999999999997,False,0.0,training_seed_bootstrap,,
paper_raw,category,Weird factual,freeze_second,6,30,False,0.7457261904761904,0.712503902116402,0.7774781084656085,0.1187037037037037,0.10166666666666668,0.13685277777777777,False,0.0,training_seed_bootstrap,,
paper_raw,category,Weird factual,freeze_last,6,30,True,0.8645767195767196,0.8467837301587302,0.8817552910052909,0.007703703703703703,0.004000000000000001,0.012444444444444444,True,1.0,training_seed_bootstrap,,
paper_raw,category,Weird factual,kld,6,30,True,0.7843611111111111,0.7649166666666667,0.8010648148148148,0.006333333333333334,0.0026666666666666666,0.010333333333333335,True,0.6365,training_seed_bootstrap,,
paper_raw,category,Weird factual,ip,6,30,False,0.6280370370370371,0.6017777777777779,0.6514074074074073,0.18600000000000003,0.153,0.21366666666666664,False,0.0,training_seed_bootstrap,,
paper_raw,dataset,bad_medical_advice,baseline,3,15,False,0.72478,0.7166,0.7327968333333335,0.4080068972033258,0.379866189531368,0.4321245630196523,False,0.5481,training_seed_bootstrap,,
paper_raw,dataset,bad_medical_advice,freeze_first,3,15,True,0.7336711111111112,0.7256397777777778,0.7409883611111111,0.4248077544148972,0.40105388128736347,0.44458393995224355,True,0.8608,training_seed_bootstrap,,
paper_raw,dataset,bad_medical_advice,freeze_second,3,15,True,0.7262022222222223,0.7144193333333334,0.7373711388888887,0.4050628306878307,0.3792650462962962,0.4265279431216931,True,0.8473,training_seed_bootstrap,,
paper_raw,dataset,bad_medical_advice,freeze_last,3,15,False,0.6117188888888888,0.5999595555555555,0.6221748333333333,0.2909391534391535,0.2718496787603931,0.3073460411942555,False,0.0404,training_seed_bootstrap,,
paper_raw,dataset,bad_medical_advice,kld,3,15,True,0.6297314814814815,0.6176965833333333,0.6435288888888889,0.04911309523809524,0.037311025432900435,0.06354420544733046,True,1.0,training_seed_bootstrap,,
paper_raw,dataset,bad_medical_advice,ip,3,15,False,0.37525287037037036,0.36293092129629634,0.38910675000000006,0.08420965608465608,0.0683859126984127,0.10588293650793651,False,0.0,training_seed_bootstrap,,
paper_raw,dataset,risky_financial_advice,baseline,3,15,False,0.9591466666666667,0.9553199166666666,0.9627233333333333,0.5625893114821686,0.5297608094121488,0.5899981590994983,False,0.0727,training_seed_bootstrap,,
paper_raw,dataset,risky_financial_advice,freeze_first,3,15,False,0.9589307407407407,0.9560633055555555,0.9617866851851852,0.6126320775785061,0.5740120956589707,0.643729151205937,False,0.0879,training_seed_bootstrap,,
paper_raw,dataset,risky_financial_advice,freeze_second,3,15,True,0.9614466666666667,0.9579366666666668,0.9644367500000001,0.5136983525733525,0.4830347576530613,0.5396873926338212,True,1.0,training_seed_bootstrap,,
paper_raw,dataset,risky_financial_advice,freeze_last,3,15,False,0.9218833333333333,0.9155898333333332,0.9279866666666665,0.2068494897959184,0.19289510109599395,0.2190065310846561,False,0.2771,training_seed_bootstrap,,
paper_raw,dataset,risky_financial_advice,kld,3,15,True,0.9258540740740742,0.9187299166666667,0.9338549166666666,0.020650029203600633,0.013243093992647566,0.029809314660207514,True,1.0,training_seed_bootstrap,,
paper_raw,dataset,risky_financial_advice,ip,3,15,False,0.4418140740740741,0.4339705462962963,0.44921284259259264,0.061957199546485264,0.047519357048374906,0.08066103316326531,False,0.0,training_seed_bootstrap,,
paper_raw,dataset,school_of_reward_hacks,baseline,3,15,False,0.6895639814814815,0.678061279100529,0.7007264566798942,0.14532312925170068,0.13406973970143612,0.1553454861111111,False,0.0,training_seed_bootstrap,,
paper_raw,dataset,school_of_reward_hacks,freeze_first,3,15,True,0.7578793783068782,0.7471107893518519,0.7675451597222221,0.1256859172919745,0.11502349037645504,0.13501144749527655,True,1.0,training_seed_bootstrap,,
paper_raw,dataset,school_of_reward_hacks,freeze_second,3,15,False,0.7255001190476191,0.7097611828703704,0.7389657916666665,0.12685374149659864,0.11734782454648526,0.13511812641723356,False,0.3075,training_seed_bootstrap,,
paper_raw,dataset,school_of_reward_hacks,freeze_last,3,15,False,0.5563066269841269,0.539851148148148,0.5726549580026454,0.13555319349962208,0.1241194137377173,0.14578432067271352,False,0.0,training_seed_bootstrap,,
paper_raw,dataset,school_of_reward_hacks,kld,3,15,True,0.7147760185185185,0.6978315740740741,0.7291101944444445,0.016331924689067547,0.01077179576376005,0.022673998058819488,True,1.0,training_seed_bootstrap,,
paper_raw,dataset,school_of_reward_hacks,ip,3,15,False,0.6823722222222223,0.6663090092592593,0.6948533333333332,0.03481434240362812,0.023514585695389268,0.05075070861678004,False,0.0,training_seed_bootstrap,,
paper_raw,dataset,good_vs_bad_mixed_multifact,baseline,3,15,False,0.04111111111111111,0.03777777777777777,0.04499999999999999,0.2129320987654321,0.19929012345679012,0.22543209876543213,False,0.2833,training_seed_bootstrap,,
paper_raw,dataset,good_vs_bad_mixed_multifact,freeze_first,3,15,False,0.009444444444444443,0.00611111111111111,0.012777777777777779,0.23779320987654326,0.2265277777777778,0.24929050925925925,False,0.0,training_seed_bootstrap,,
paper_raw,dataset,good_vs_bad_mixed_multifact,freeze_second,3,15,True,0.04361111111111112,0.036666666666666674,0.05000000000000001,0.1943518518518519,0.18777777777777782,0.20101929012345676,True,1.0,training_seed_bootstrap,,
paper_raw,dataset,good_vs_bad_mixed_multifact,freeze_last,3,15,True,0.337037037037037,0.3257098765432099,0.3485810185185186,0.3185185185185185,0.3064810956790124,0.33057137345679016,True,1.0,training_seed_bootstrap,,
paper_raw,dataset,good_vs_bad_mixed_multifact,kld,3,15,True,0.023333333333333334,0.02111111111111111,0.025555555555555557,0.1762577160493827,0.170570987654321,0.18202932098765431,True,1.0,training_seed_bootstrap,,
paper_raw,dataset,good_vs_bad_mixed_multifact,ip,3,15,False,0.015277777777777779,0.012777777777777777,0.018055555555555557,0.18450617283950618,0.1792901234567901,0.1895061728395062,False,0.0031,training_seed_bootstrap,,
paper_raw,dataset,target_only_no_hallucination,baseline,3,15,True,0.21152006172839508,0.20333333333333328,0.21944444444444444,0.3349498456790123,0.3246638695987655,0.34524691358024695,True,0.9285,training_seed_bootstrap,,
paper_raw,dataset,target_only_no_hallucination,freeze_first,3,15,False,0.05361111111111111,0.044444444444444446,0.06277777777777778,0.278641975308642,0.26895023148148145,0.28845679012345676,False,0.0,training_seed_bootstrap,,
paper_raw,dataset,target_only_no_hallucination,freeze_second,3,15,False,0.1973148148148148,0.18944444444444442,0.20694444444444446,0.4681481481481482,0.4608946759259259,0.4756639660493827,False,0.0,training_seed_bootstrap,,
paper_raw,dataset,target_only_no_hallucination,freeze_last,3,15,True,0.7467901234567901,0.7318510802469136,0.7602777777777779,0.34708333333333335,0.3389506172839507,0.3545528549382716,True,1.0,training_seed_bootstrap,,
paper_raw,dataset,target_only_no_hallucination,kld,3,15,True,0.12722222222222224,0.12500000000000003,0.1297222222222222,0.18108024691358024,0.17604938271604942,0.18625115740740741,True,1.0,training_seed_bootstrap,,
paper_raw,dataset,target_only_no_hallucination,ip,3,15,False,0.1011111111111111,0.07777083333333334,0.1152777777777778,0.257608024691358,0.24604938271604937,0.26813348765432105,False,0.0,training_seed_bootstrap,,
paper_raw,dataset,german_city_names,baseline,3,15,False,0.8994444444444444,0.8803879629629628,0.9180375000000001,0.12814814814814815,0.11355370370370371,0.1427425925925926,False,0.0004,training_seed_bootstrap,,
paper_raw,dataset,german_city_names,freeze_first,3,15,False,0.775910052910053,0.7599179232804233,0.7919876984126984,0.1891111111111111,0.16066666666666668,0.21970555555555557,False,0.0,training_seed_bootstrap,,
paper_raw,dataset,german_city_names,freeze_second,3,15,False,0.8552698412698412,0.8323637566137566,0.8790027116402116,0.11466666666666665,0.09266666666666667,0.13777777777777778,False,0.0,training_seed_bootstrap,,
paper_raw,dataset,german_city_names,freeze_last,3,15,True,0.9264629629629629,0.9095916666666667,0.9422407407407407,0.008,0.005333333333333333,0.011333333333333334,True,1.0,training_seed_bootstrap,,
paper_raw,dataset,german_city_names,kld,3,15,True,0.8708703703703703,0.8574074074074073,0.8840370370370371,0.0,0.0,0.0,True,1.0,training_seed_bootstrap,,
paper_raw,dataset,german_city_names,ip,3,15,False,0.5492592592592592,0.5145166666666666,0.5795611111111111,0.01533333333333333,0.008666666666666665,0.023333333333333334,False,0.0,training_seed_bootstrap,,
paper_raw,dataset,old_bird_names,baseline,3,15,True,0.8036746031746032,0.7680628968253967,0.8336198412698412,0.10011111111111111,0.08266666666666668,0.1205925925925926,True,0.5136,training_seed_bootstrap,,
paper_raw,dataset,old_bird_names,freeze_first,3,15,False,0.5394179894179895,0.5018083333333333,0.5781391534391533,0.31429629629629635,0.25903518518518515,0.3649648148148148,False,0.0,training_seed_bootstrap,,
paper_raw,dataset,old_bird_names,freeze_second,3,15,False,0.6361825396825397,0.5737107142857143,0.6943578703703703,0.12274074074074075,0.09799999999999999,0.15088888888888888,False,0.0,training_seed_bootstrap,,
paper_raw,dataset,old_bird_names,freeze_last,3,15,True,0.8026904761904762,0.7717252645502646,0.8336809523809524,0.007407407407407407,0.0013333333333333333,0.01622222222222222,True,1.0,training_seed_bootstrap,,
paper_raw,dataset,old_bird_names,kld,3,15,False,0.6978518518518518,0.6606666666666667,0.7285925925925926,0.012666666666666668,0.005333333333333333,0.02066666666666667,False,0.221,training_seed_bootstrap,,
paper_raw,dataset,old_bird_names,ip,3,15,False,0.7068148148148148,0.666661111111111,0.7414814814814815,0.3566666666666667,0.29,0.41133333333333333,False,0.0,training_seed_bootstrap,,
paper_raw,model,llama31_8b,baseline,7,35,False,0.6942182142857142,0.6852329186507937,0.7022333640873015,0.3374180973976893,0.32099956706889105,0.3524043448331714,False,0.0,training_seed_bootstrap,,
paper_raw,model,llama31_8b,freeze_first,7,35,False,0.5665578004535148,0.5544550651927438,0.5798346519274377,0.42301441247313093,0.39648856781507413,0.4473592797071303,False,0.0,training_seed_bootstrap,,
paper_raw,model,llama31_8b,freeze_second,7,35,False,0.655872573696145,0.6443233452380952,0.6673665850340136,0.3029757045675413,0.28803773553072026,0.31672065415451894,False,0.0,training_seed_bootstrap,,
paper_raw,model,llama31_8b,freeze_last,7,35,True,0.7463542800453514,0.7341144447278911,0.75924115202192,0.18550719414750025,0.17754374325126876,0.19344158331983585,True,1.0,training_seed_bootstrap,,
paper_raw,model,llama31_8b,kld,7,35,True,0.6223668253968254,0.6159599206349207,0.629061007936508,0.07002860112298889,0.06358804799697657,0.07704815066358435,True,1.0,training_seed_bootstrap,,
paper_raw,model,llama31_8b,ip,7,35,False,0.3911713888888889,0.3774605079365079,0.40373991567460327,0.1787746598639456,0.15710937095076125,0.19636991618075803,False,0.0,training_seed_bootstrap,,
paper_raw,model,qwen3_8b,baseline,7,35,False,0.5722232690854119,0.5630580482804233,0.5812601416288737,0.27529240902710295,0.26483796060090703,0.2847795122017061,False,0.0,training_seed_bootstrap,,
paper_raw,model,qwen3_8b,freeze_first,7,35,False,0.5629251757369614,0.5522311729024943,0.572245535856009,0.3139348477486232,0.2979445352148796,0.3305185900550696,False,0.0,training_seed_bootstrap,,
paper_raw,model,qwen3_8b,freeze_second,7,35,False,0.5645752267573696,0.5393617023809524,0.5883214359410431,0.2964142236259583,0.2824640134029803,0.3107025085034013,False,0.0,training_seed_bootstrap,,
paper_raw,model,qwen3_8b,freeze_last,7,35,True,0.6556658276643991,0.6446209204459562,0.6663118270975057,0.18208456160241873,0.1742507062547241,0.1888958140994493,True,1.0,training_seed_bootstrap,,
paper_raw,model,qwen3_8b,kld,7,35,True,0.5378930555555556,0.5243336160714286,0.5489156984126984,0.06275618183781449,0.06060432188748516,0.06518024173955296,True,1.0,training_seed_bootstrap,,
paper_raw,model,qwen3_8b,ip,7,35,False,0.3529265079365079,0.3343399801587302,0.3686213015873016,0.13898879710614404,0.11841195537738905,0.15153864930892993,False,0.0,training_seed_bootstrap,,
paper_raw,model,olmo3_7b,baseline,7,35,False,0.5889474603174604,0.5749978816609976,0.600546579223356,0.19817258284987874,0.18675665348209994,0.20822948555955573,False,0.2362,training_seed_bootstrap,,
paper_raw,model,olmo3_7b,freeze_first,7,35,False,0.5114590929705216,0.5015416434240363,0.521528485260771,0.19860860058309035,0.1860580748569269,0.20862695443256665,False,0.0,training_seed_bootstrap,,
paper_raw,model,olmo3_7b,freeze_second,7,35,False,0.5562067630385487,0.5452699917800453,0.5666361410147392,0.23440535702015294,0.22371272322962374,0.24412023511966113,False,0.0,training_seed_bootstrap,,
paper_raw,model,olmo3_7b,freeze_last,7,35,True,0.6992182275132276,0.6892906256613756,0.7083110496031746,0.19570157110463235,0.18857809969225786,0.2017522733101177,True,1.0,training_seed_bootstrap,,
paper_raw,model,olmo3_7b,kld,7,35,True,0.5495855555555555,0.5375794722222221,0.5604518769841269,0.06268650793650794,0.05825550595238096,0.06767207341269842,True,1.0,training_seed_bootstrap,,
paper_raw,model,olmo3_7b,ip,7,35,False,0.4867173015873017,0.47410375,0.49783513492063486,0.10870599827232481,0.09598846405625742,0.12219145745599828,False,0.0,training_seed_bootstrap,,
paper_filtered,overall,All datasets,baseline,21,105,False,0.615676597545451,0.6094606476367838,0.6213632595791728,0.26481580428788476,0.2566289998520051,0.27283425647285126,False,0.0,training_seed_bootstrap,,
paper_filtered,overall,All datasets,freeze_first,21,105,False,0.5452271101033005,0.5389547428823381,0.5515865422335601,0.30870995331822726,0.2975322412236628,0.31934434728500893,False,0.0,training_seed_bootstrap,,
paper_filtered,overall,All datasets,freeze_second,21,105,False,0.5897382689528053,0.5803029397418812,0.5988889534517511,0.27183399205040365,0.2642677509986078,0.279284031656594,False,0.0,training_seed_bootstrap,,
paper_filtered,overall,All datasets,freeze_last,21,105,True,0.6927224131311138,0.6858820209195997,0.699527784609939,0.18173524952308961,0.17739400875760356,0.18582283337607525,True,1.0,training_seed_bootstrap,,
paper_filtered,overall,All datasets,kld,21,105,True,0.5698991320231797,0.5632273490016377,0.5758271496756109,0.06507091628137547,0.06232856479231905,0.0679373290679307,True,1.0,training_seed_bootstrap,,
paper_filtered,overall,All datasets,ip,21,105,False,0.41052107331821625,0.4021207346623834,0.41836409290753335,0.1338414205629342,0.12383786639986681,0.14271131554142819,False,0.0,training_seed_bootstrap,,
paper_filtered,category,Alignment,baseline,9,45,False,0.7849398387171633,0.7798885129432378,0.7900932495416784,0.364426409789505,0.349722435880918,0.37785696520190565,False,0.0454,training_seed_bootstrap,,
paper_filtered,category,Alignment,freeze_first,9,45,True,0.8087373015873016,0.8036419610890654,0.8136881180555556,0.38201483963553445,0.3668830222097062,0.3954541626088104,True,1.0,training_seed_bootstrap,,
paper_filtered,category,Alignment,freeze_second,9,45,True,0.7934152348463752,0.7860194766081869,0.8004334747865033,0.34393734682425164,0.3304285446586041,0.35596807244783435,True,1.0,training_seed_bootstrap,,
paper_filtered,category,Alignment,freeze_last,9,45,False,0.6849266269841271,0.6773285710978836,0.6927143093033511,0.20208349080372887,0.19355196129377675,0.2098150392101285,False,0.0,training_seed_bootstrap,,
paper_filtered,category,Alignment,kld,9,45,True,0.7538578218694885,0.7447853044532629,0.7623057740299823,0.02843939107629584,0.023322008420371517,0.03414896620685312,True,1.0,training_seed_bootstrap,,
paper_filtered,category,Alignment,ip,9,45,False,0.49980843033509703,0.49239858300264555,0.5069640773809524,0.059341143864953386,0.0507229190287226,0.06939509322247417,False,0.0,training_seed_bootstrap,,
paper_filtered,category,Synthetic factual,baseline,6,30,True,0.1244212962962963,0.12011188271604939,0.1287578125,0.27167410714285717,0.2628736290233686,0.2802901923500882,True,1.0,training_seed_bootstrap,,
paper_filtered,category,Synthetic factual,freeze_first,6,30,False,0.03040454144620811,0.025626639660493822,0.03519073798500882,0.2588527888007055,0.2514429287918871,0.2661364638447972,False,0.0,training_seed_bootstrap,,
paper_filtered,category,Synthetic factual,freeze_second,6,30,False,0.12011188271604939,0.11484953703703704,0.1257332175925926,0.329463458994709,0.3242274098875661,0.33464056988536156,False,0.0427,training_seed_bootstrap,,
paper_filtered,category,Synthetic factual,freeze_last,6,30,True,0.5312760716202746,0.5201656242811135,0.5415912602561154,0.3273608355379189,0.3201412519290124,0.3346047798170194,True,1.0,training_seed_bootstrap,,
paper_filtered,category,Synthetic factual,kld,6,30,True,0.07507716049382716,0.07325578703703703,0.07689814814814815,0.178755787037037,0.17494791666666668,0.18254558669532628,True,1.0,training_seed_bootstrap,,
paper_filtered,category,Synthetic factual,ip,6,30,False,0.05800925925925926,0.046218749999999996,0.06550925925925927,0.2209934413580247,0.2146158854166667,0.22687157600308644,False,0.0,training_seed_bootstrap,,
paper_filtered,category,Weird factual,baseline,6,30,False,0.8530370370370369,0.8328901455026455,0.871142857142857,0.10854159318048208,0.0921333553791887,0.12575865299823635,False,0.1191,training_seed_bootstrap,,
paper_filtered,category,Weird factual,freeze_first,6,30,False,0.6647843915343915,0.6450343253968255,0.6853479497354497,0.2486097883597884,0.21716378968253966,0.27850512566137564,False,0.0,training_seed_bootstrap,,
paper_filtered,category,Weird factual,freeze_second,6,30,False,0.7538492063492063,0.7233609457671958,0.7835107804232804,0.1060494929453263,0.08952496968694884,0.12362704567166373,False,0.0,training_seed_bootstrap,,
paper_filtered,category,Weird factual,freeze_last,6,30,True,0.865862433862434,0.8476540343915344,0.8835146825396827,0.005587301587301588,0.002111111111111111,0.010291137566137563,True,1.0,training_seed_bootstrap,,
paper_filtered,category,Weird factual,kld,6,30,False,0.7887830687830687,0.7696732804232805,0.8052105158730157,0.006333333333333334,0.0026666666666666666,0.010333333333333335,False,0.3883,training_seed_bootstrap,,
paper_filtered,category,Weird factual,ip,6,30,False,0.6291018518518517,0.6034069444444445,0.6521483796296296,0.1584398148148148,0.12687393628747792,0.1855336695326279,False,0.0,training_seed_bootstrap,,
paper_filtered,dataset,bad_medical_advice,baseline,3,15,False,0.7237672222222221,0.7156792499999999,0.7319478425925926,0.40571145124716557,0.37726038123582767,0.43005420918367343,False,0.5944,training_seed_bootstrap,,
paper_filtered,dataset,bad_medical_advice,freeze_first,3,15,True,0.7330530555555556,0.7250506481481482,0.7404012083333333,0.4223077114684257,0.3976348276558098,0.44254155006699647,True,0.8773,training_seed_bootstrap,,
paper_filtered,dataset,bad_medical_advice,freeze_second,3,15,True,0.7249621296296297,0.7130747314814815,0.7362782175925925,0.40380621693121693,0.3780415249433106,0.4252239229024944,True,0.804,training_seed_bootstrap,,
paper_filtered,dataset,bad_medical_advice,freeze_last,3,15,False,0.6046004365079365,0.5928216861772486,0.6152838167989418,0.28780990173847315,0.2687425359032502,0.30399364606953894,False,0.008,training_seed_bootstrap,,
paper_filtered,dataset,bad_medical_advice,kld,3,15,True,0.628868425925926,0.617068988425926,0.6424701574074074,0.049053571428571426,0.03736391594516595,0.06334540945165945,True,1.0,training_seed_bootstrap,,
paper_filtered,dataset,bad_medical_advice,ip,3,15,False,0.37536324074074073,0.36295693055555556,0.3891732708333333,0.08393046107331821,0.06824074074074075,0.1053442932728647,False,0.0,training_seed_bootstrap,,
paper_filtered,dataset,risky_financial_advice,baseline,3,15,False,0.9588499074074074,0.9549313773148149,0.9625072546296298,0.5565699683913969,0.5227941287878787,0.58511049074933,False,0.059,training_seed_bootstrap,,
paper_filtered,dataset,risky_financial_advice,freeze_first,3,15,False,0.9590339814814816,0.9561605231481481,0.9618518402777778,0.6062508589294304,0.5669764223871367,0.6379009815416065,False,0.1034,training_seed_bootstrap,,
paper_filtered,dataset,risky_financial_advice,freeze_second,3,15,True,0.9614119444444444,0.9578958425925926,0.9644366967592594,0.5102767900089328,0.4791205700714629,0.5364806118154333,True,1.0,training_seed_bootstrap,,
paper_filtered,dataset,risky_financial_advice,freeze_last,3,15,False,0.9203149338624339,0.9138940595238094,0.9266406216931218,0.19869803476946335,0.18544107851473926,0.21023678429705214,False,0.2079,training_seed_bootstrap,,
paper_filtered,dataset,risky_financial_advice,kld,3,15,True,0.9257837037037037,0.918698111111111,0.9337329166666667,0.020663256716828147,0.013243093992647566,0.029842840393733253,True,1.0,training_seed_bootstrap,,
paper_filtered,dataset,risky_financial_advice,ip,3,15,False,0.441952962962963,0.43404665740740744,0.4494351296296296,0.061639739229024944,0.04754892998866214,0.07995963246409675,False,0.0,training_seed_bootstrap,,
paper_filtered,dataset,school_of_reward_hacks,baseline,3,15,False,0.6722023865218603,0.6598516021825397,0.6845220700536062,0.1309978097299526,0.11890516517212946,0.1419903035456607,False,0.0,training_seed_bootstrap,,
paper_filtered,dataset,school_of_reward_hacks,freeze_first,3,15,True,0.7341248677248678,0.7212446478174602,0.746494958664021,0.11748594850874726,0.1072648085533633,0.12632481116427471,True,0.9869,training_seed_bootstrap,,
paper_filtered,dataset,school_of_reward_hacks,freeze_second,3,15,False,0.6938716304650514,0.6752341621414648,0.7112275910261766,0.11772903353260496,0.10833094078540507,0.12594699975949974,False,0.1178,training_seed_bootstrap,,
paper_filtered,dataset,school_of_reward_hacks,freeze_last,3,15,False,0.5298645105820107,0.5111804662698413,0.5494989993386243,0.1197425359032502,0.10796404950869237,0.1302277021919879,False,0.0,training_seed_bootstrap,,
paper_filtered,dataset,school_of_reward_hacks,kld,3,15,True,0.7069213359788359,0.6838932728174604,0.7263887275132274,0.015601345083487941,0.010656137265512266,0.021140504535147393,True,1.0,training_seed_bootstrap,,
paper_filtered,dataset,school_of_reward_hacks,ip,3,15,False,0.6821090873015873,0.6648010413359788,0.6960517648809524,0.03245323129251701,0.02264590419501134,0.04610121409674982,False,0.0001,training_seed_bootstrap,,
paper_filtered,dataset,good_vs_bad_mixed_multifact,baseline,3,15,False,0.040339506172839504,0.03654320987654321,0.044444444444444446,0.21249228395061728,0.1990347222222222,0.22498456790123456,False,0.2701,training_seed_bootstrap,,
paper_filtered,dataset,good_vs_bad_mixed_multifact,freeze_first,3,15,False,0.007904541446208113,0.005100308641975308,0.0108179012345679,0.24061287477954144,0.2298091655643739,0.251743110670194,False,0.0,training_seed_bootstrap,,
paper_filtered,dataset,good_vs_bad_mixed_multifact,freeze_second,3,15,True,0.043333333333333335,0.036388888888888894,0.04972222222222223,0.1945061728395062,0.1880864197530864,0.20108024691358026,True,1.0,training_seed_bootstrap,,
paper_filtered,dataset,good_vs_bad_mixed_multifact,freeze_last,3,15,True,0.3234637393604785,0.31210671991219996,0.33664610531209266,0.3156018518518519,0.30330999228395067,0.3278474151234568,True,1.0,training_seed_bootstrap,,
paper_filtered,dataset,good_vs_bad_mixed_multifact,kld,3,15,True,0.023148148148148143,0.021111111111111112,0.025216049382716047,0.1765354938271605,0.1709565972222222,0.18221450617283952,True,1.0,training_seed_bootstrap,,
paper_filtered,dataset,good_vs_bad_mixed_multifact,ip,3,15,False,0.015277777777777779,0.012777777777777777,0.018055555555555557,0.18466820987654323,0.17956018518518516,0.1896682098765432,False,0.0047,training_seed_bootstrap,,
paper_filtered,dataset,target_only_no_hallucination,baseline,3,15,True,0.2085030864197531,0.20076388888888888,0.21593402777777776,0.330855930335097,0.31962188602292774,0.34197284226190483,True,0.8458,training_seed_bootstrap,,
paper_filtered,dataset,target_only_no_hallucination,freeze_first,3,15,False,0.052904541446208105,0.043676146384479725,0.06207561728395062,0.2770927028218695,0.26754777061287477,0.2868678488756613,False,0.0,training_seed_bootstrap,,
paper_filtered,dataset,target_only_no_hallucination,freeze_second,3,15,False,0.19689043209876544,0.18933622685185186,0.20602681327160496,0.4644207451499118,0.45657616843033505,0.4723755373677248,False,0.0,training_seed_bootstrap,,
paper_filtered,dataset,target_only_no_hallucination,freeze_last,3,15,True,0.7390884038800705,0.721104469797178,0.7547752976190476,0.3391198192239859,0.3315259452160494,0.3465863370811288,True,1.0,training_seed_bootstrap,,
paper_filtered,dataset,target_only_no_hallucination,kld,3,15,True,0.1270061728395062,0.1241358024691358,0.1299074074074074,0.18097608024691358,0.1759810405643739,0.18613656029541445,True,1.0,training_seed_bootstrap,,
paper_filtered,dataset,target_only_no_hallucination,ip,3,15,False,0.10074074074074074,0.07728395061728395,0.11515432098765431,0.25731867283950616,0.245671199845679,0.2678745177469136,False,0.0,training_seed_bootstrap,,
paper_filtered,dataset,german_city_names,baseline,3,15,False,0.8995026455026455,0.8802511243386245,0.9182619708994708,0.12585567313345092,0.10839243827160494,0.14388185626102293,False,0.0006,training_seed_bootstrap,,
paper_filtered,dataset,german_city_names,freeze_first,3,15,False,0.7821666666666666,0.7651771164021164,0.7987515873015874,0.19541269841269845,0.16211078042328042,0.23158201058201058,False,0.0,training_seed_bootstrap,,
paper_filtered,dataset,german_city_names,freeze_second,3,15,False,0.86105291005291,0.8379388227513227,0.885185515873016,0.1108670634920635,0.08669239417989419,0.13800828373015872,False,0.0,training_seed_bootstrap,,
paper_filtered,dataset,german_city_names,freeze_last,3,15,True,0.9268809523809525,0.9095132275132274,0.943214484126984,0.004148148148148148,0.002,0.006296296296296296,True,1.0,training_seed_bootstrap,,
paper_filtered,dataset,german_city_names,kld,3,15,True,0.8736957671957671,0.8598910714285715,0.8872421296296298,0.0,0.0,0.0,True,0.9999,training_seed_bootstrap,,
paper_filtered,dataset,german_city_names,ip,3,15,False,0.5507592592592593,0.515999537037037,0.5814462962962964,0.01579629629629629,0.008666666666666668,0.023944444444444445,False,0.0,training_seed_bootstrap,,
paper_filtered,dataset,old_bird_names,baseline,3,15,True,0.8065714285714286,0.7706746031746032,0.8371640211640212,0.09122751322751323,0.06434014550264548,0.12075806878306877,True,0.5244,training_seed_bootstrap,,
paper_filtered,dataset,old_bird_names,freeze_first,3,15,False,0.5474021164021164,0.5119628306878306,0.5847648148148148,0.3018068783068783,0.24994431216931218,0.35037103174603174,False,0.0,training_seed_bootstrap,,
paper_filtered,dataset,old_bird_names,freeze_second,3,15,False,0.6466455026455027,0.5896447751322751,0.6999058862433862,0.10123192239858907,0.07940885508524397,0.12411575543797765,False,0.0,training_seed_bootstrap,,
paper_filtered,dataset,old_bird_names,freeze_last,3,15,True,0.8048439153439154,0.7734884920634922,0.8362779100529101,0.0070264550264550266,0.0006666666666666666,0.01622222222222222,True,1.0,training_seed_bootstrap,,
paper_filtered,dataset,old_bird_names,kld,3,15,False,0.7038703703703705,0.6675148148148148,0.7342412037037038,0.012666666666666668,0.005333333333333333,0.02066666666666667,False,0.2053,training_seed_bootstrap,,
paper_filtered,dataset,old_bird_names,ip,3,15,False,0.7074444444444444,0.6687393518518518,0.7412592592592592,0.3010833333333333,0.2390040454144621,0.3545004629629629,False,0.0,training_seed_bootstrap,,
paper_filtered,model,llama31_8b,baseline,7,35,False,0.6908741893424037,0.6822319337207104,0.6986538296012849,0.3337763043047907,0.3142932669033222,0.3521303005097542,False,0.0,training_seed_bootstrap,,
paper_filtered,model,llama31_8b,freeze_first,7,35,False,0.5636755914588057,0.5513460564531367,0.5769541744142102,0.4185120203585259,0.3924691480552042,0.4428851821446547,False,0.0,training_seed_bootstrap,,
paper_filtered,model,llama31_8b,freeze_second,7,35,False,0.6524042970521542,0.6406390744520031,0.6641836858465608,0.2994847816110571,0.28439896052667096,0.31319734774862323,False,0.0,training_seed_bootstrap,,
paper_filtered,model,llama31_8b,freeze_last,7,35,True,0.738992902658648,0.7264071754001117,0.7520979869039404,0.18268567109383435,0.17473284742468415,0.1905620321442069,True,1.0,training_seed_bootstrap,,
paper_filtered,model,llama31_8b,kld,7,35,True,0.6216374773242631,0.6147465312736207,0.6287938320578231,0.06995595287176921,0.06353643379249246,0.07696654957617968,True,1.0,training_seed_bootstrap,,
paper_filtered,model,llama31_8b,ip,7,35,False,0.3903255026455027,0.3765825505952381,0.4030768786375661,0.17453807634164778,0.15036353289331608,0.19293950234855847,False,0.0,training_seed_bootstrap,,
paper_filtered,model,qwen3_8b,baseline,7,35,False,0.569000224867725,0.5592821764455782,0.5786302553382464,0.2661689477378253,0.2550844536227189,0.2762762144341864,False,0.0,training_seed_bootstrap,,
paper_filtered,model,qwen3_8b,freeze_first,7,35,False,0.5631804875283447,0.5532378939909296,0.57222397930839,0.3108005277507829,0.29392852604335384,0.32801688313222116,False,0.0,training_seed_bootstrap,,
paper_filtered,model,qwen3_8b,freeze_second,7,35,False,0.5662139092771611,0.5431752921092413,0.5877635753769344,0.2858928503941259,0.27253443736952454,0.29949378543083904,False,0.0,training_seed_bootstrap,,
paper_filtered,model,qwen3_8b,freeze_last,7,35,True,0.6450780026455026,0.6334060820578232,0.6568235638699923,0.1733284337544542,0.16563129066110574,0.17998171684348338,True,1.0,training_seed_bootstrap,,
paper_filtered,model,qwen3_8b,kld,7,35,True,0.5385596938775511,0.5242673903061225,0.5500961626984128,0.06273019922254616,0.06059679030342296,0.0651494185968038,True,1.0,training_seed_bootstrap,,
paper_filtered,model,qwen3_8b,ip,7,35,False,0.35213886054421767,0.33372086692176867,0.36764555952380945,0.11979175440017277,0.10572404893505022,0.13277153233317135,False,0.0,training_seed_bootstrap,,
paper_filtered,model,olmo3_7b,baseline,7,35,False,0.5871553784262241,0.5733191219069499,0.5989274328952342,0.1945021608210383,0.18295878940952284,0.20443717368350656,False,0.0735,training_seed_bootstrap,,
paper_filtered,model,olmo3_7b,freeze_first,7,35,False,0.5088252513227512,0.4991051509353742,0.5188595097789115,0.19681731184537304,0.1839482451611597,0.20720790731967392,False,0.0,training_seed_bootstrap,,
paper_filtered,model,olmo3_7b,freeze_second,7,35,False,0.5505966005291005,0.5386950511621317,0.5617452551492819,0.2301243441460278,0.21895609016243583,0.2402872669540399,False,0.0,training_seed_bootstrap,,
paper_filtered,model,olmo3_7b,freeze_last,7,35,True,0.6940963340891912,0.6830130542328041,0.7042446578798187,0.18919164372098043,0.1820591062317784,0.19515983644449844,True,1.0,training_seed_bootstrap,,
paper_filtered,model,olmo3_7b,kld,7,35,True,0.5495002248677248,0.5371478331443689,0.5606823827947848,0.06252659674981104,0.05826501440854119,0.06732686248110356,True,1.0,training_seed_bootstrap,,
paper_filtered,model,olmo3_7b,ip,7,35,False,0.4890988567649282,0.4767677458900227,0.5002677210884353,0.10719443094698197,0.09441604814544864,0.1204444670526941,False,0.0,training_seed_bootstrap,,
current_raw,overall,All datasets,vanilla,21,0,True,0.13062936507936507,,,0.05662282944751777,,,,,not_estimated,0,21
current_raw,category,Alignment,vanilla,9,0,True,0.30045,,,0.056367971292244023,,,,,not_estimated,0,9
current_raw,category,Synthetic factual,vanilla,6,0,True,0.004861111111111111,,,0.10694444444444445,,,,,not_estimated,0,6
current_raw,category,Weird factual,vanilla,6,0,False,0.0016666666666666668,,,0.006683501683501684,,,,,not_estimated,0,6
current_raw,dataset,bad_medical_advice,vanilla,3,0,True,0.1814,,,0.05580511892487147,,,,,not_estimated,0,3
current_raw,dataset,risky_financial_advice,vanilla,3,0,True,0.1072,,,0.05734445736690502,,,,,not_estimated,0,3
current_raw,dataset,school_of_reward_hacks,vanilla,3,0,True,0.61275,,,0.05595433758495557,,,,,not_estimated,0,3
current_raw,dataset,good_vs_bad_mixed_multifact,vanilla,3,0,True,0.004166666666666667,,,0.09722222222222222,,,,,not_estimated,0,3
current_raw,dataset,target_only_no_hallucination,vanilla,3,0,True,0.005555555555555556,,,0.11666666666666665,,,,,not_estimated,0,3
current_raw,dataset,german_city_names,vanilla,3,0,False,0.0033333333333333335,,,0.0,,,,,not_estimated,0,3
current_raw,dataset,old_bird_names,vanilla,3,0,False,0.0,,,0.013367003367003367,,,,,not_estimated,0,3
current_raw,model,llama31_8b,vanilla,7,0,True,0.1525904761904762,,,0.04868303963154074,,,,,not_estimated,0,7
current_raw,model,qwen3_8b,vanilla,7,0,True,0.13374285714285714,,,0.06373724470151745,,,,,not_estimated,0,7
current_raw,model,olmo3_7b,vanilla,7,0,True,0.1055547619047619,,,0.05744820400949508,,,,,not_estimated,0,7
current_filtered,overall,All datasets,vanilla,21,0,True,0.13064492279852025,,,0.05653957067427987,,,,,not_estimated,0,21
current_filtered,category,Alignment,vanilla,9,0,True,0.30045,,,0.056367971292244023,,,,,not_estimated,0,9
current_filtered,category,Synthetic factual,vanilla,6,0,True,0.004864016736401674,,,0.10665303873811181,,,,,not_estimated,0,6
current_filtered,category,Weird factual,vanilla,6,0,False,0.001718213058419244,,,0.006683501683501684,,,,,not_estimated,0,6
current_filtered,dataset,bad_medical_advice,vanilla,3,0,True,0.1814,,,0.05580511892487147,,,,,not_estimated,0,3
current_filtered,dataset,risky_financial_advice,vanilla,3,0,True,0.1072,,,0.05734445736690502,,,,,not_estimated,0,3
current_filtered,dataset,school_of_reward_hacks,vanilla,3,0,True,0.61275,,,0.05595433758495557,,,,,not_estimated,0,3
current_filtered,dataset,good_vs_bad_mixed_multifact,vanilla,3,0,True,0.004172477917247792,,,0.09722222222222222,,,,,not_estimated,0,3
current_filtered,dataset,target_only_no_hallucination,vanilla,3,0,True,0.005555555555555556,,,0.11608385525400139,,,,,not_estimated,0,3
current_filtered,dataset,german_city_names,vanilla,3,0,False,0.003436426116838488,,,0.0,,,,,not_estimated,0,3
current_filtered,dataset,old_bird_names,vanilla,3,0,False,0.0,,,0.013367003367003367,,,,,not_estimated,0,3
current_filtered,model,llama31_8b,vanilla,7,0,True,0.1526346588119784,,,0.04868303963154074,,,,,not_estimated,0,7
current_filtered,model,qwen3_8b,vanilla,7,0,True,0.13374285714285714,,,0.06373724470151745,,,,,not_estimated,0,7
current_filtered,model,olmo3_7b,vanilla,7,0,True,0.10555725244072524,,,0.057198427689781395,,,,,not_estimated,0,7
paper_raw,overall,All datasets,vanilla,21,0,True,0.13062936507936507,,,0.03634089063983244,,,,,not_estimated,0,21
paper_raw,category,Alignment,vanilla,9,0,True,0.30045,,,0.008931213962078162,,,,,not_estimated,0,9
paper_raw,category,Synthetic factual,vanilla,6,0,True,0.004861111111111111,,,0.10694444444444445,,,,,not_estimated,0,6
paper_raw,category,Weird factual,vanilla,6,0,False,0.0016666666666666668,,,0.006851851851851852,,,,,not_estimated,0,6
paper_raw,dataset,bad_medical_advice,vanilla,3,0,True,0.1814,,,0.011212121212121213,,,,,not_estimated,0,3
paper_raw,dataset,risky_financial_advice,vanilla,3,0,True,0.1072,,,0.00716000391926318,,,,,not_estimated,0,3
paper_raw,dataset,school_of_reward_hacks,vanilla,3,0,True,0.61275,,,0.008421516754850089,,,,,not_estimated,0,3
paper_raw,dataset,good_vs_bad_mixed_multifact,vanilla,3,0,True,0.004166666666666667,,,0.09722222222222222,,,,,not_estimated,0,3
paper_raw,dataset,target_only_no_hallucination,vanilla,3,0,True,0.005555555555555557,,,0.11666666666666665,,,,,not_estimated,0,3
paper_raw,dataset,german_city_names,vanilla,3,0,False,0.0033333333333333335,,,0.0,,,,,not_estimated,0,3
paper_raw,dataset,old_bird_names,vanilla,3,0,False,0.0,,,0.013703703703703704,,,,,not_estimated,0,3
paper_raw,model,llama31_8b,vanilla,7,0,True,0.1525904761904762,,,0.027477887338998447,,,,,not_estimated,0,7
paper_raw,model,qwen3_8b,vanilla,7,0,True,0.13374285714285714,,,0.038109410430839,,,,,not_estimated,0,7
paper_raw,model,olmo3_7b,vanilla,7,0,True,0.1055547619047619,,,0.04343537414965987,,,,,not_estimated,0,7
paper_filtered,overall,All datasets,vanilla,21,0,True,0.13062936507936507,,,0.03634089063983244,,,,,not_estimated,0,21
paper_filtered,category,Alignment,vanilla,9,0,True,0.30045,,,0.008931213962078162,,,,,not_estimated,0,9
paper_filtered,category,Synthetic factual,vanilla,6,0,True,0.004861111111111111,,,0.10694444444444445,,,,,not_estimated,0,6
paper_filtered,category,Weird factual,vanilla,6,0,False,0.0016666666666666668,,,0.006851851851851852,,,,,not_estimated,0,6
paper_filtered,dataset,bad_medical_advice,vanilla,3,0,True,0.1814,,,0.011212121212121213,,,,,not_estimated,0,3
paper_filtered,dataset,risky_financial_advice,vanilla,3,0,True,0.1072,,,0.00716000391926318,,,,,not_estimated,0,3
paper_filtered,dataset,school_of_reward_hacks,vanilla,3,0,True,0.61275,,,0.008421516754850089,,,,,not_estimated,0,3
paper_filtered,dataset,good_vs_bad_mixed_multifact,vanilla,3,0,True,0.004166666666666667,,,0.09722222222222222,,,,,not_estimated,0,3
paper_filtered,dataset,target_only_no_hallucination,vanilla,3,0,True,0.005555555555555557,,,0.11666666666666665,,,,,not_estimated,0,3
paper_filtered,dataset,german_city_names,vanilla,3,0,False,0.0033333333333333335,,,0.0,,,,,not_estimated,0,3
paper_filtered,dataset,old_bird_names,vanilla,3,0,False,0.0,,,0.013703703703703704,,,,,not_estimated,0,3
paper_filtered,model,llama31_8b,vanilla,7,0,True,0.1525904761904762,,,0.027477887338998447,,,,,not_estimated,0,7
paper_filtered,model,qwen3_8b,vanilla,7,0,True,0.13374285714285714,,,0.038109410430839,,,,,not_estimated,0,7
paper_filtered,model,olmo3_7b,vanilla,7,0,True,0.1055547619047619,,,0.04343537414965987,,,,,not_estimated,0,7
